NUTS2,NUTS2_Name,COUNTRY,IND1,IND2,IND3,IND4,IND5,IND6,IND7,IND8,IND9,IND10,Year
AT,AUSTRIA (CNT),Austria,13.74,68.64,27.08,12.10,92.40,55.23,83.93,18.60,33.30,41.60,2010
AT0,AUSTRIA,Austria,51.68,54.04,37.11,65.78,30.80,37.63,101.00,80.99,86.46,26.99,2010
AT11,Burgenland (AT),Austria,73.54,7.14,8.18,20.02,65.94,76.46,NA,66.99,14.68,21.31,2010
AT12,Niederosterreich,Austria,96.41,61.27,46.78,95.04,75.19,4.83,156.00,64.19,0.81,60.10,2010
AT13,Wien,Austria,48.01,20.04,33.55,11.45,93.29,61.20,NA,84.36,74.42,78.82,2010
AT21,Karnten,Austria,98.57,64.03,8.47,4.35,24.49,79.97,NA,48.15,85.41,75.50,2010
AT22,Steiermark,Austria,31.97,70.41,21.03,73.00,37.97,55.32,NA,46.52,64.90,60.69,2010
AT31,Oberosterreich,Austria,30.18,14.80,84.39,7.71,14.42,4.21,NA,69.09,11.84,45.14,2010
AT32,Salzburg,Austria,75.89,39.83,80.80,31.87,8.83,79.11,NA,18.05,0.11,84.62,2010
AT33,Tirol,Austria,52.22,33.99,4.43,12.89,35.18,55.14,NA,20.32,90.26,18.67,2010
AT34,Vorarlberg,Austria,26.75,90.85,34.28,5.77,29.18,86.85,NA,52.39,84.23,4.84,2010
BE,BELGIUM (CNT),Belgium,44.21,40.26,91.38,76.69,37.03,79.08,NA,52.46,71.41,17.73,2010
BE0,BELGIUM,Belgium,6.89,33.68,23.41,77.21,79.32,16.77,NA,14.75,77.02,86.60,2010
BE10,Bruxelles-Capitale,Belgium,4.25,75.18,15.52,87.20,38.17,93.70,NA,77.98,98.71,24.64,2010
BE21,Prov. Antwerpen,Belgium,74.91,41.27,65.80,75.82,48.53,81.26,NA,37.87,73.92,80.96,2010
BE22,Prov. Limburg (BE),Belgium,8.09,76.35,19.75,15.66,66.07,21.41,NA,1.77,40.05,12.95,2010
BE23,Prov. Oost-Vlaanderen,Belgium,75.76,75.25,82.48,21.75,14.23,90.86,NA,48.61,19.81,10.03,2010
BE24,Prov. Vlaams-Brabant,Belgium,84.80,30.26,23.14,10.50,84.04,91.45,NA,65.85,40.18,31.39,2010
BE25,Prov. West-Vlaanderen,Belgium,89.24,15.60,42.43,34.61,85.49,1.45,NA,87.77,97.37,63.03,2010
BE31,Prov. Brabant Wallon,Belgium,36.70,31.80,46.98,70.91,69.40,2.12,NA,82.22,71.71,2.18,2010
BE32,Prov. Hainaut,Belgium,97.99,76.05,6.06,14.01,23.98,18.81,NA,50.51,34.63,77.14,2010
BE33,Prov. Liege,Belgium,90.81,75.26,10.34,99.55,18.25,72.64,NA,13.58,84.52,70.01,2010
BE34,Prov. Luxembourg (BE),Belgium,80.37,98.31,68.17,37.89,17.56,84.12,NA,9.62,31.42,34.83,2010
BE35,Prov. Namur,Belgium,99.34,60.82,70.65,23.18,25.45,11.60,NA,55.65,7.22,14.75,2010
BG,BULGARIA (CNT),Bulgaria,85.20,27.65,35.26,64.42,8.16,82.13,NA,27.12,62.48,42.52,2010
BG0,BULGARIA,Bulgaria,46.33,89.11,98.88,59.27,99.18,49.43,NA,81.49,2.46,75.06,2010
BG31,Severozapaden,Bulgaria,21.42,78.17,30.11,65.88,74.17,5.96,NA,61.18,86.43,7.53,2010
BG32,Severen tsentralen,Bulgaria,35.78,40.69,14.04,56.33,12.94,47.71,NA,42.92,58.47,20.15,2010
BG33,Severoiztochen,Bulgaria,75.84,9.21,76.43,29.31,92.05,10.91,NA,4.68,81.09,98.06,2010
BG34,Yugoiztochen,Bulgaria,21.60,20.50,1.79,36.99,73.44,81.77,NA,71.06,76.34,83.95,2010
BG41,Yugozapaden,Bulgaria,18.88,12.97,29.11,31.08,80.73,92.29,NA,17.34,95.30,62.30,2010
BG42,Yuzhen tsentralen,Bulgaria,35.76,20.11,5.33,69.89,99.09,54.14,NA,42.95,7.79,26.49,2010
HR,CROATIA (CNT),Croatia,97.58,24.03,72.85,27.55,93.62,18.36,NA,98.38,7.74,76.26,2010
HR0,CROATIA,Croatia,1.00,58.25,49.90,38.62,79.98,32.51,NA,5.48,63.54,49.38,2010
HR03,Jadranska Hrvatska,Croatia,90.34,96.80,51.86,58.52,30.86,21.38,NA,73.59,13.03,30.68,2010
HR04,Kontinentalna Hrvatska,Croatia,38.49,33.01,28.81,42.87,95.73,32.74,NA,75.56,67.80,40.86,2010
CY,CYPRUS (CNT),Cyprus,79.90,7.12,2.50,77.61,95.61,7.76,NA,1.51,69.89,3.58,2010
CY0,CYPRUS,Cyprus,14.24,62.01,84.48,44.76,93.35,36.52,NA,79.63,46.58,99.22,2010
CY00,Kipros / Kibris,Cyprus,59.59,47.03,23.62,7.70,77.85,25.36,NA,94.84,39.40,41.57,2010
CZ,CZECH REPUBLIC (CNT),Czech Republic,20.09,71.97,9.58,50.96,99.60,26.29,NA,56.60,91.95,33.23,2010
CZ0,CZECH REPUBLIC,Czech Republic,9.54,72.37,2.81,5.13,56.90,25.19,NA,80.77,26.51,58.97,2010
CZ01,Praha,Czech Republic,42.61,26.70,16.20,72.88,56.32,62.67,NA,67.07,69.69,70.22,2010
CZ02,Stredni Cechy,Czech Republic,12.91,75.71,19.22,32.56,79.39,78.74,NA,24.68,6.94,60.67,2010
CZ03,Jihozapad,Czech Republic,67.62,42.13,60.39,59.03,83.36,53.26,NA,24.29,91.64,89.66,2010
CZ04,Severozapad,Czech Republic,71.73,68.37,68.96,28.88,85.59,52.95,NA,48.30,58.70,34.67,2010
CZ05,Severovychod,Czech Republic,97.88,33.83,23.56,96.51,13.82,85.94,NA,52.72,16.14,6.22,2010
CZ06,Jihovychod,Czech Republic,25.16,96.13,18.76,3.36,30.05,34.50,NA,94.71,54.21,16.06,2010
CZ07,Stredni Morava,Czech Republic,73.83,97.53,89.83,32.33,95.08,69.39,NA,90.89,8.90,14.55,2010
CZ08,Moravskoslezsko,Czech Republic,58.06,25.87,34.49,4.90,96.99,39.27,NA,15.69,76.14,42.73,2010
DK,DENMARK (CNT),Denmark,68.19,32.27,41.51,65.10,77.30,48.51,NA,23.90,29.57,18.34,2010
DK0,DENMARK,Denmark,43.85,1.49,74.70,58.55,42.77,60.80,NA,54.00,98.58,93.11,2010
DK01,Hovedstaden,Denmark,84.47,5.95,20.89,25.20,81.28,30.52,NA,48.08,65.70,71.42,2010
DK02,Sjaelland,Denmark,18.06,45.37,70.86,62.77,66.58,52.55,NA,31.30,46.38,62.60,2010
DK03,Syddanmark,Denmark,64.97,49.74,8.61,60.55,49.50,61.65,NA,13.63,66.31,23.57,2010
DK04,Midtjylland,Denmark,86.28,29.52,77.82,36.74,2.77,56.56,NA,7.25,34.55,23.02,2010
DK05,Nordjylland,Denmark,47.32,72.49,42.75,53.42,85.91,65.51,NA,32.70,51.71,49.67,2010
EE,ESTONIA (CNT),Estonia,39.01,38.77,14.72,66.48,90.50,98.00,NA,82.50,69.31,83.51,2010
EE0,ESTONIA,Estonia,87.96,0.66,23.99,93.06,91.01,2.65,NA,79.70,53.88,34.39,2010
EE00,Eesti,Estonia,35.65,28.81,46.43,76.66,5.16,41.52,NA,27.76,77.63,45.87,2010
FI,FINLAND (CNT),Finland,40.43,13.02,59.59,51.66,17.11,48.35,NA,9.24,51.49,12.85,2010
FI0,FINLAND,Finland,36.75,9.69,5.17,42.37,71.29,94.61,NA,11.22,54.73,46.94,2010
FI19,Lansi-Suomi,Finland,79.09,86.99,0.76,34.86,81.41,30.42,NA,58.57,44.53,69.30,2010
FI1B,Helsinki-Uusimaa,Finland,35.23,29.92,50.73,25.17,42.63,22.06,NA,60.93,53.72,3.84,2010
FI1C,Etela-Suomi,Finland,41.33,1.14,30.95,92.17,64.72,12.04,NA,36.32,62.58,22.15,2010
FI1D,Pohjois- ja Ita-Suomi,Finland,76.31,4.04,0.98,76.99,16.08,44.51,NA,82.26,45.15,19.60,2010
FI20,Aland,Finland,24.51,68.96,72.02,5.66,48.98,60.90,NA,94.17,65.44,3.25,2010
FR,FRANCE (CNT),France,72.44,29.16,38.97,88.87,1.14,2.63,NA,77.96,23.07,61.96,2010
FR0,FRANCE,France,22.19,80.63,28.79,72.65,80.25,88.81,NA,88.52,58.96,41.66,2010
FR10,Ile de France,France,38.78,92.08,94.62,89.22,40.78,70.45,NA,48.65,48.34,36.08,2010
FR21,Champagne-Ardenne,France,25.03,81.57,66.42,75.34,57.29,89.32,NA,7.45,44.85,11.14,2010
FR22,Picardie,France,81.24,30.09,98.15,85.65,5.35,85.05,NA,73.60,25.37,78.44,2010
FR23,Haute-Normandie,France,70.52,37.68,58.02,13.74,20.09,86.14,NA,23.87,20.14,19.75,2010
FR24,Centre,France,81.41,36.89,3.21,56.01,6.51,40.85,NA,19.53,10.39,98.95,2010
FR25,Basse-Normandie,France,87.77,2.70,7.75,93.81,61.99,57.99,NA,52.75,75.14,32.14,2010
FR26,Bourgogne,France,51.63,77.25,78.60,36.94,65.27,71.72,NA,52.68,19.17,35.47,2010
FR30,Nord - Pas-de-Calais,France,83.22,22.07,26.41,18.20,21.20,16.62,NA,8.04,46.72,49.40,2010
FR41,Lorraine,France,53.72,42.19,51.20,74.00,0.32,84.09,NA,34.22,28.87,10.00,2010
FR42,Alsace,France,58.21,29.12,54.34,92.11,10.54,7.73,NA,29.36,97.88,95.82,2010
FR43,Franche-Comte,France,98.66,97.77,82.07,41.51,67.05,58.24,NA,77.77,99.67,75.38,2010
FR51,Pays de la Loire,France,70.41,72.64,22.19,38.40,68.68,38.44,NA,61.72,56.33,73.57,2010
FR52,Bretagne,France,18.63,47.37,1.36,44.93,35.25,5.69,NA,99.76,27.41,34.86,2010
FR53,Poitou-Charentes,France,4.58,73.25,60.11,55.36,9.53,29.30,NA,22.99,46.52,47.77,2010
FR61,Aquitaine,France,78.71,14.71,21.18,52.73,5.28,40.65,NA,98.60,46.27,12.99,2010
FR62,Midi-Pyrenees,France,14.07,63.42,74.43,17.51,49.96,56.09,NA,23.53,30.37,78.76,2010
FR63,Limousin,France,42.50,10.78,37.89,44.59,46.98,58.31,NA,72.55,37.50,64.77,2010
FR71,Rhone-Alpes,France,49.58,48.31,93.39,70.51,36.34,22.16,NA,17.62,9.88,50.81,2010
FR72,Auvergne,France,57.93,89.50,67.50,7.54,59.47,16.41,NA,65.87,21.16,40.82,2010
FR81,Languedoc-Roussillon,France,15.30,46.53,31.46,56.58,31.70,19.99,NA,44.87,89.23,45.46,2010
FR82,Provence-Alpes-Cote dAzur,France,47.00,37.68,89.19,13.55,55.99,12.77,NA,44.73,46.38,55.19,2010
FR83,Corse,France,51.77,94.54,7.69,34.77,81.80,55.78,NA,34.05,14.38,12.20,2010
DE,GERMANY (CNT),Germany,34.45,10.21,14.59,15.05,10.84,71.95,NA,75.72,1.34,1.07,2010
DE0,GERMANY,Germany,90.30,6.86,36.38,90.05,30.40,33.47,NA,34.58,12.78,1.14,2010
DE11,Stuttgart,Germany,8.47,24.00,98.45,19.58,0.63,92.02,NA,90.76,1.53,74.50,2010
DE12,Karlsruhe,Germany,8.37,40.88,41.70,30.27,18.48,8.43,NA,2.45,84.33,17.12,2010
DE13,Freiburg,Germany,67.83,73.11,72.14,49.64,22.09,93.71,NA,39.22,71.50,92.97,2010
DE14,Tubingen,Germany,84.07,87.52,54.65,99.23,19.41,47.12,NA,4.86,14.71,88.99,2010
DE21,Oberbayern,Germany,33.87,65.37,89.36,56.23,93.27,71.60,NA,94.94,32.85,10.28,2010
DE22,Niederbayern,Germany,64.13,52.55,61.93,98.11,47.97,78.57,NA,18.61,30.87,80.45,2010
DE23,Oberpfalz,Germany,44.49,7.63,45.23,43.47,20.77,39.98,NA,79.93,89.09,57.09,2010
DE24,Oberfranken,Germany,51.12,18.45,17.79,42.34,33.34,81.51,NA,46.56,18.17,23.37,2010
DE25,Mittelfranken,Germany,53.51,18.71,65.26,88.16,50.75,53.45,NA,82.88,87.23,96.13,2010
DE26,Unterfranken,Germany,88.09,37.86,14.74,59.06,35.25,91.20,NA,74.13,73.79,14.73,2010
DE27,Schwaben,Germany,23.13,24.00,22.48,2.64,47.24,57.51,NA,74.36,6.52,87.16,2010
DE30,Berlin,Germany,13.65,14.32,45.17,68.68,50.45,63.58,NA,3.84,39.86,39.11,2010
DE40,Brandenburg,Germany,12.56,15.93,18.28,3.56,48.05,92.92,NA,1.31,80.54,63.94,2010
DE50,Bremen,Germany,40.78,54.68,26.52,56.79,44.81,15.46,NA,57.28,76.30,71.78,2010
DE60,Hamburg,Germany,47.69,34.45,40.58,70.04,58.02,30.47,NA,74.57,66.14,63.67,2010
DE71,Darmstadt,Germany,56.76,96.94,76.77,34.65,3.30,29.39,NA,32.45,83.95,73.89,2010
DE72,Giessen,Germany,67.45,4.88,23.14,61.11,22.63,46.35,NA,89.68,44.52,78.72,2010
DE73,Kassel,Germany,56.20,66.17,80.97,51.31,8.18,98.92,NA,59.85,88.00,73.31,2010
DE80,Mecklenburg-Vorpommern,Germany,35.77,49.05,99.51,98.71,87.41,59.41,NA,23.92,41.47,36.02,2010
DE91,Braunschweig,Germany,65.93,61.63,8.03,91.20,59.11,19.52,NA,70.97,0.30,22.51,2010
DE92,Hannover,Germany,3.36,3.83,87.41,32.68,1.02,74.47,NA,83.89,58.96,95.47,2010
DE93,Luneburg,Germany,56.64,39.74,81.69,66.38,39.71,76.59,NA,31.48,77.40,22.72,2010
DE94,Weser-Ems,Germany,12.36,74.34,51.02,95.13,2.75,0.94,NA,45.39,5.52,85.39,2010
DEA1,Dusseldorf,Germany,42.16,69.20,3.43,96.63,29.22,4.46,NA,12.88,84.59,43.20,2010
DEA2,Koln,Germany,73.25,41.35,27.40,34.87,37.07,77.90,NA,2.07,14.92,93.09,2010
DEA3,Munster,Germany,67.34,36.77,6.36,49.48,88.20,1.34,NA,14.92,4.24,70.17,2010
DEA4,Detmold,Germany,90.97,77.87,47.34,78.35,27.14,25.07,NA,76.45,58.05,82.50,2010
DEA5,Arnsberg,Germany,93.96,77.55,48.75,94.17,4.59,22.91,NA,41.84,79.63,68.58,2010
DEB1,Koblenz,Germany,3.21,68.04,48.77,98.15,6.88,9.41,NA,83.87,8.87,40.15,2010
DEB2,Trier,Germany,56.67,45.08,29.83,25.85,83.29,77.63,NA,92.99,17.69,67.54,2010
DEB3,Rheinhessen-Pfalz,Germany,53.81,35.49,57.68,65.68,94.83,35.54,NA,71.26,48.49,94.55,2010
Dec-00,Saarland,Germany,74.24,50.20,52.99,90.27,31.12,31.12,NA,3.55,34.40,86.43,2010
DED2,Dresden,Germany,37.75,51.00,74.74,12.92,31.22,79.65,NA,34.31,29.86,98.97,2010
DED4,Chemnitz,Germany,27.88,9.83,9.72,52.23,63.39,57.72,NA,34.88,5.84,97.41,2010
DED5,Leipzig,Germany,18.02,43.76,79.44,63.15,12.12,49.69,NA,18.15,48.89,20.17,2010
DEE0,Sachsen-Anhalt,Germany,62.67,1.00,82.35,61.86,44.28,45.55,NA,70.74,70.02,7.89,2010
DEF0,Schleswig-Holstein,Germany,77.02,30.32,55.69,62.46,6.08,62.59,NA,12.77,59.52,9.64,2010
DEG0,Thuringen,Germany,63.66,91.84,77.73,4.57,17.77,76.14,NA,40.19,44.31,3.81,2010
GR,GREECE (CNT),Greece,32.01,22.37,26.29,52.33,66.96,69.40,NA,47.48,99.24,78.95,2010
GR0,GREECE,Greece,68.42,88.84,27.92,14.79,29.54,65.76,NA,28.23,96.08,47.75,2010
GR11,Anatoliki Makedonia,Greece,61.25,29.80,39.05,85.39,78.39,11.19,NA,1.95,86.38,46.08,2010
GR12,Kentriki Makedonia,Greece,51.10,3.68,94.36,73.20,7.41,38.86,NA,18.37,38.30,31.46,2010
GR13,Dytiki Makedonia,Greece,48.87,63.57,8.80,91.62,75.33,83.64,NA,49.10,63.72,66.78,2010
GR14,Thessalia,Greece,82.58,40.96,30.60,77.07,60.95,61.87,NA,58.49,80.68,44.86,2010
GR21,Kentriki Ellada,Greece,46.58,20.66,10.56,52.18,27.47,17.70,NA,67.64,46.40,68.46,2010
GR22,Ionia Nisia,Greece,3.33,46.05,33.97,31.97,95.27,79.38,NA,48.38,73.31,19.51,2010
GR23,Dytiki Ellada,Greece,93.03,40.72,70.12,3.21,39.77,8.69,NA,97.49,94.85,85.61,2010
GR24,Sterea Ellada,Greece,8.73,22.77,66.53,20.85,10.18,23.15,NA,65.00,44.90,9.50,2010
GR25,Peloponnisos,Greece,54.04,80.74,27.10,80.28,87.29,48.96,NA,88.28,78.37,52.59,2010
GR30,Attiki,Greece,66.14,40.73,84.77,46.69,5.96,7.02,NA,99.87,51.07,17.28,2010
GR41,Voreio Aigaio,Greece,79.53,20.43,48.46,10.38,93.55,4.92,NA,2.29,42.41,75.61,2010
GR42,Notio Aigaio,Greece,2.95,49.15,8.48,97.63,81.96,60.19,NA,63.43,18.94,29.87,2010
GR43,Kriti,Greece,91.33,2.11,99.81,57.33,90.19,4.23,NA,60.98,89.84,67.94,2010
HU,HUNGARY (CNT),Hungary,52.58,34.97,44.46,54.09,7.64,49.55,NA,3.01,90.40,95.55,2010
HU0,HUNGARY,Hungary,47.47,17.39,7.72,65.22,55.88,52.27,NA,41.55,77.56,94.51,2010
HU10,Kozep-Magyarorszag,Hungary,19.38,62.96,60.33,0.89,80.73,9.52,NA,86.64,75.50,9.04,2010
HU21,Kozep-Dunantul,Hungary,42.09,47.65,14.30,16.49,45.84,96.98,NA,21.44,63.87,43.85,2010
HU22,Nyugat-Dunantul,Hungary,53.10,31.19,7.42,71.44,87.24,61.05,NA,62.02,31.14,7.64,2010
HU23,Del-Dunantul,Hungary,71.12,28.96,81.59,66.88,65.92,28.00,NA,34.50,25.63,90.25,2010
HU31,Eszak-Magyarorszag,Hungary,29.30,17.82,29.73,75.97,20.61,5.27,NA,79.25,46.44,53.83,2010
HU32,Eszak-Alfold,Hungary,98.49,78.02,67.89,30.01,47.90,38.21,NA,8.12,33.43,14.05,2010
HU33,Del-Alfold,Hungary,6.91,86.77,76.94,46.79,10.29,23.07,NA,25.07,18.13,18.11,2010
IE,IRELAND (CNT),Ireland,37.80,28.24,21.20,50.45,91.70,72.90,NA,17.08,71.56,25.84,2010
IE0,IRELAND,Ireland,55.16,19.06,52.27,26.18,99.75,95.61,NA,65.04,80.30,94.62,2010
IE01,"Border, Midland and Western",Ireland,85.55,13.33,45.62,13.30,73.35,31.45,NA,84.85,93.98,76.41,2010
IE02,Southern and Eastern,Ireland,82.28,5.22,52.69,88.36,89.32,16.76,NA,20.42,2.84,22.57,2010
IT,ITALY (CNT),Italy,22.75,30.42,19.78,36.25,28.56,6.93,NA,42.75,39.99,92.33,2010
IT0,ITALY,Italy,81.64,3.24,93.39,23.45,12.00,92.83,NA,92.60,52.64,31.98,2010
ITC1,Piemonte,Italy,81.15,67.84,53.04,90.72,91.85,55.39,NA,84.56,56.63,99.63,2010
ITC2,Valle dAosta/Vallee dAoste,Italy,6.00,52.38,45.64,97.52,78.53,39.63,NA,67.90,3.98,34.76,2010
ITC3,Liguria,Italy,96.05,34.36,78.29,76.54,13.80,69.02,NA,76.60,70.13,21.34,2010
ITC4,Lombardia,Italy,10.38,6.09,41.79,60.73,12.70,65.29,NA,19.17,16.61,58.60,2010
ITF1,Abruzzo,Italy,14.21,16.25,76.58,64.54,30.25,30.60,NA,50.53,28.60,66.59,2010
ITF2,Molise,Italy,76.71,12.61,96.33,4.39,29.28,28.98,NA,89.13,81.02,49.38,2010
ITF3,Campania,Italy,49.63,53.69,3.73,52.22,47.96,40.13,NA,39.47,84.23,36.35,2010
ITF4,Puglia,Italy,55.54,25.66,57.86,21.66,35.67,8.91,NA,78.16,4.91,22.38,2010
ITF5,Basilicata,Italy,46.91,32.81,90.17,20.01,25.66,55.22,NA,15.36,30.75,52.97,2010
ITF6,Calabria,Italy,93.49,73.73,10.89,18.92,97.83,21.89,NA,41.82,3.95,37.79,2010
ITG1,Sicilia,Italy,61.85,66.56,63.38,82.29,83.16,42.55,NA,90.63,30.01,61.93,2010
ITG2,Sardegna,Italy,27.15,17.65,80.64,19.79,67.71,90.75,NA,79.63,87.43,34.59,2010
ITH1,Prov. Auto. di Bolzano/Bozen,Italy,66.90,5.63,87.29,94.60,8.70,61.24,NA,83.54,38.16,69.29,2010
ITH2,Prov. Auto. di Trento,Italy,98.97,54.69,29.55,67.64,24.76,50.21,NA,84.40,47.53,99.44,2010
ITH3,Veneto,Italy,4.02,79.98,67.59,26.30,92.17,17.58,NA,30.11,35.41,76.37,2010
ITH4,Friuli-Venezia Giulia,Italy,76.13,37.21,55.87,67.69,86.43,55.92,NA,7.73,20.82,64.72,2010
ITH5,Emilia-Romagna,Italy,74.21,52.84,47.40,31.26,22.42,66.07,NA,77.46,43.97,44.65,2010
ITI1,Toscana,Italy,79.09,37.28,88.82,70.76,95.38,29.09,NA,58.75,33.88,32.89,2010
ITI2,Umbria,Italy,21.83,74.96,28.05,92.74,56.57,98.34,NA,76.76,41.60,45.28,2010
ITI3,Marche,Italy,25.01,47.49,59.07,95.32,97.63,33.36,NA,24.31,48.95,13.61,2010
ITI4,Lazio,Italy,6.65,80.47,78.19,82.35,89.15,61.09,NA,2.73,6.42,42.39,2010
LV,LATVIA (CNT),Latvia,71.50,10.70,42.71,42.74,22.46,76.45,NA,52.70,9.01,92.49,2010
LV0,LATVIA,Latvia,72.38,10.03,24.16,7.31,36.36,93.43,NA,13.63,25.96,29.17,2010
LV00,Latvija,Latvia,14.85,8.62,73.72,66.41,98.91,81.40,NA,97.17,16.76,42.63,2010
LT,LITHUANIA (CNT),Lithuania,79.72,69.78,52.26,80.31,7.99,81.74,NA,17.20,91.62,97.72,2010
LT0,LITHUANIA,Lithuania,6.67,5.35,43.14,65.13,2.63,18.07,NA,44.62,52.69,62.89,2010
LT00,Lietuva,Lithuania,57.72,86.04,39.00,20.66,90.62,43.10,NA,96.01,41.83,38.80,2010
LU,LUXEMBOURG (CNT),Luxembourg,50.30,87.44,38.97,42.73,41.69,94.18,NA,72.91,90.70,62.78,2010
LU0,LUXEMBOURG,Luxembourg,41.32,55.45,31.69,62.32,53.43,23.09,NA,96.15,18.34,97.98,2010
LU00,Luxembourg,Luxembourg,75.05,38.78,29.31,63.65,12.18,45.90,NA,60.05,17.39,63.49,2010
MT,MALTA (CNT),Malta,51.56,52.53,16.69,46.35,11.96,73.30,NA,97.40,85.99,68.93,2010
MT0,MALTA,Malta,76.44,34.55,61.99,1.82,78.85,94.76,NA,8.46,51.97,7.45,2010
MT00,Malta,Malta,16.90,76.21,49.33,47.31,34.22,75.14,NA,2.55,31.64,76.29,2010
PL,POLAND (CNT),Poland,96.90,24.73,1.38,91.97,49.03,77.71,NA,39.33,36.37,2.40,2010
PL0,POLAND,Poland,79.75,75.99,80.97,71.58,43.45,26.20,NA,31.61,92.63,9.09,2010
PL11,Lodzkie,Poland,41.46,89.62,40.01,28.89,4.40,40.47,NA,72.22,47.89,49.73,2010
PL12,Mazowieckie,Poland,14.81,17.57,12.86,83.33,35.78,96.29,NA,52.93,23.80,91.69,2010
PL21,Malopolskie,Poland,68.47,17.57,1.95,67.03,76.12,15.21,NA,55.23,77.84,26.52,2010
PL22,Slaskie,Poland,29.54,46.36,97.72,99.07,56.00,73.39,NA,39.93,38.04,37.57,2010
PL31,Lubelskie,Poland,23.88,23.52,31.78,76.22,31.36,62.45,NA,97.51,71.94,4.48,2010
PL32,Podkarpackie,Poland,72.95,49.33,50.11,27.60,7.41,80.49,NA,53.37,25.70,82.52,2010
PL33,Swietokrzyskie,Poland,88.55,13.04,24.06,39.48,52.28,7.20,NA,60.58,24.55,21.01,2010
PL34,Podlaskie,Poland,1.76,78.03,87.52,77.80,25.05,99.89,NA,24.25,35.51,71.49,2010
PL41,Wielkopolskie,Poland,72.25,81.86,11.56,24.93,73.24,41.66,NA,92.82,84.52,40.00,2010
PL42,Zachodniopomorskie,Poland,7.22,92.80,58.48,28.68,18.13,58.43,NA,29.20,85.17,78.40,2010
PL43,Lubuskie,Poland,12.02,84.40,48.15,74.47,60.63,40.06,NA,62.68,78.05,68.26,2010
PL51,Dolnoslaskie,Poland,40.53,67.93,39.32,62.49,78.62,35.41,NA,49.18,96.41,37.53,2010
PL52,Opolskie,Poland,28.98,84.10,56.01,37.01,1.32,41.31,NA,9.41,51.58,76.69,2010
PL61,Kujawsko-Pomorskie,Poland,10.96,48.24,24.60,54.50,78.29,62.64,NA,89.33,24.38,74.42,2010
PL62,Warminsko-Mazurskie,Poland,93.68,62.91,72.02,76.56,5.84,57.65,NA,95.50,4.24,37.72,2010
PL63,Pomorskie,Poland,15.55,54.11,32.29,75.85,41.65,43.77,NA,22.71,19.31,51.83,2010
PT,PORTUGAL (CNT),Portugal,50.26,66.96,49.86,44.74,58.91,72.90,NA,68.64,49.04,30.09,2010
PT0,PORTUGAL,Portugal,93.20,72.18,82.02,68.45,91.52,45.51,NA,79.99,68.36,33.16,2010
PT11,Norte,Portugal,15.73,49.90,24.98,38.34,83.15,43.12,NA,29.62,24.62,1.34,2010
PT15,Algarve,Portugal,1.30,10.10,30.73,14.93,65.45,26.11,NA,8.30,62.08,7.18,2010
PT16,Centro (PT),Portugal,61.44,2.67,5.76,10.75,56.50,11.14,NA,23.25,99.15,78.07,2010
PT17,Lisboa,Portugal,40.36,36.88,30.59,49.73,14.00,65.73,NA,66.32,10.44,12.09,2010
PT18,Alentejo,Portugal,43.24,77.23,47.76,67.59,9.47,88.14,NA,10.04,68.37,68.21,2010
RO,ROMANIA (CNT),Romania,72.76,27.29,17.71,31.57,28.89,99.41,NA,6.70,68.96,74.52,2010
RO0,ROMANIA,Romania,91.81,57.00,52.03,4.40,85.81,19.83,NA,11.47,74.72,62.71,2010
RO11,Nord-Vest,Romania,59.63,66.68,9.67,39.37,68.95,84.09,NA,48.42,45.17,98.14,2010
RO12,Centru,Romania,9.18,56.38,75.75,39.89,20.35,41.85,NA,64.92,9.13,53.12,2010
RO21,Nord-Est,Romania,51.58,52.59,6.86,63.32,45.93,77.22,NA,91.65,62.96,68.60,2010
RO22,Sud-Est,Romania,12.38,16.03,12.10,94.09,10.65,71.60,NA,72.44,37.03,54.84,2010
RO31,Sud - Muntenia,Romania,6.09,70.50,74.54,87.01,74.45,15.16,NA,89.80,53.59,38.85,2010
RO32,Bucuresti - Ilfov,Romania,88.95,67.35,79.44,67.23,55.27,57.94,NA,81.59,77.25,56.51,2010
RO41,Sud-Vest Oltenia,Romania,43.67,86.21,78.89,43.50,7.70,74.19,NA,78.70,52.06,16.91,2010
RO42,Vest,Romania,47.97,11.54,62.98,58.96,22.45,75.26,NA,88.45,70.12,32.55,2010
SK,SLOVAKIA (CNT),Slovakia,23.42,5.09,42.41,90.14,6.47,31.25,NA,3.20,79.99,2.56,2010
SK0,SLOVAKIA,Slovakia,79.61,17.66,37.09,85.55,3.63,51.68,NA,63.37,23.00,87.05,2010
SK01,Bratislavsky kraj,Slovakia,78.10,12.97,52.02,81.29,86.70,5.11,NA,73.89,42.55,74.26,2010
SK02,Zapadne Slovensko,Slovakia,73.72,16.89,8.26,46.10,80.95,81.26,NA,20.92,99.82,80.06,2010
SK03,Stredne Slovensko,Slovakia,4.29,33.54,22.89,75.88,81.97,88.76,NA,69.12,89.24,94.58,2010
SK04,Vychodne Slovensko,Slovakia,85.30,38.07,95.41,16.07,21.93,82.45,NA,91.82,0.97,44.53,2010
SI,SLOVENIA (CNT),Slovenia,86.44,5.05,5.70,81.85,97.49,4.40,NA,20.56,47.70,39.14,2010
SI0,SLOVENIA,Slovenia,80.34,82.19,58.06,52.36,99.96,85.71,NA,56.52,77.67,86.18,2010
SI01,Vzhodna Slovenija,Slovenia,25.30,97.06,59.57,29.23,22.04,78.00,NA,17.13,88.55,83.35,2010
SI02,Zahodna Slovenija,Slovenia,93.82,48.84,14.83,42.77,8.66,35.80,NA,5.48,15.70,30.15,2010
ES,SPAIN (CNT),Spain,24.90,33.96,82.08,47.62,45.12,17.79,NA,99.80,96.84,78.96,2010
ES0,SPAIN,Spain,7.32,88.69,2.38,64.26,62.96,79.74,NA,43.66,2.16,32.68,2010
ES11,Galicia,Spain,28.48,95.11,51.84,15.95,61.67,85.08,NA,92.07,90.00,94.49,2010
ES12,Principado de Asturias,Spain,22.64,72.11,19.71,16.34,25.79,39.16,NA,17.24,74.05,7.87,2010
ES13,Cantabria,Spain,33.76,60.78,87.82,46.30,48.33,29.64,NA,58.04,90.72,79.93,2010
ES21,Pais Vasco,Spain,58.16,80.24,57.70,87.55,77.66,29.57,NA,23.60,91.48,73.07,2010
ES22,Comunidad Foral de Navarra,Spain,61.92,2.05,70.23,40.26,78.12,26.02,NA,5.43,14.70,50.44,2010
ES23,La Rioja,Spain,95.54,88.69,82.36,27.05,78.81,46.59,NA,6.64,26.59,6.29,2010
ES24,Aragon,Spain,61.45,8.59,39.41,47.57,55.99,55.09,NA,64.79,57.29,13.80,2010
ES30,Comunidad de Madrid,Spain,69.11,77.27,92.42,46.68,19.91,7.65,NA,58.51,33.46,30.47,2010
ES41,Castilla y Leon,Spain,8.04,38.13,37.29,21.74,32.21,18.11,NA,26.73,70.77,70.11,2010
ES42,Castilla-La Mancha,Spain,73.03,35.20,3.65,74.10,79.35,80.75,NA,60.82,58.26,12.07,2010
ES43,Extremadura,Spain,61.30,4.97,18.73,34.83,21.46,18.96,NA,54.80,39.56,41.26,2010
ES51,Cataluna,Spain,6.62,76.36,34.28,11.28,29.92,14.70,NA,95.89,4.84,90.43,2010
ES52,Comunidad Valenciana,Spain,82.68,15.37,29.81,8.92,73.58,51.41,NA,67.58,89.18,17.58,2010
ES53,Illes Balears,Spain,40.82,34.05,62.93,31.45,41.35,95.48,NA,10.39,32.19,39.16,2010
ES61,Andalucia,Spain,58.54,39.05,2.47,56.79,75.19,1.65,NA,35.87,41.10,61.33,2010
ES62,Region de Murcia,Spain,70.79,1.43,48.10,80.69,21.08,34.99,NA,99.81,11.22,26.95,2010
SE,SWEDEN (CNT),Sweden,6.84,75.18,26.36,55.94,62.06,81.82,NA,80.22,28.80,61.57,2010
SE0,SWEDEN,Sweden,82.45,94.45,92.68,3.90,1.08,96.10,NA,68.72,89.96,76.15,2010
SE11,Stockholm,Sweden,48.95,86.55,53.72,53.62,38.56,35.17,NA,51.43,88.51,88.56,2010
SE12,Ostra Mellansverige,Sweden,9.59,16.79,72.67,8.22,70.12,10.54,NA,11.78,28.18,61.86,2010
SE21,Smaland med oarna,Sweden,14.77,2.50,40.42,25.69,0.87,33.46,NA,60.53,28.29,63.16,2010
SE22,Sydsverige,Sweden,85.81,43.85,4.78,18.70,88.60,70.51,NA,0.44,59.30,38.80,2010
SE23,Vastsverige,Sweden,16.02,70.73,14.51,76.05,66.21,58.74,NA,32.03,38.08,90.91,2010
SE31,Norra Mellansverige,Sweden,41.65,77.66,79.17,19.22,59.52,64.41,NA,82.23,22.98,47.21,2010
SE32,Mellersta Norrland,Sweden,37.97,71.82,90.98,46.02,27.47,81.21,NA,36.06,96.59,18.80,2010
SE33,Ovre Norrland,Sweden,47.97,27.64,68.78,24.91,73.52,14.86,NA,79.93,23.78,93.80,2010
NL,THE NETHERLANDS (CNT),The Netherlands,58.57,57.83,98.88,55.90,33.80,6.42,NA,95.18,65.25,20.07,2010
NL0,THE NETHERLANDS,The Netherlands,54.39,62.46,80.91,71.37,22.85,17.69,NA,50.65,15.78,44.64,2010
NL11,Groningen,The Netherlands,23.58,88.26,78.18,65.37,86.42,1.14,NA,79.90,80.17,76.18,2010
NL12,Friesland (NL),The Netherlands,82.99,8.97,34.67,37.88,10.22,65.36,NA,25.10,30.98,97.67,2010
NL13,Drenthe,The Netherlands,97.47,99.86,22.23,74.99,73.82,75.65,NA,98.87,48.30,76.71,2010
NL21,Overijssel,The Netherlands,21.23,90.10,22.48,16.95,60.40,61.67,NA,24.17,12.27,17.36,2010
NL22,Gelderland,The Netherlands,85.40,20.84,48.47,60.50,11.18,76.08,NA,80.66,12.42,76.98,2010
NL23,Flevoland,The Netherlands,31.52,69.45,51.57,20.65,22.01,10.45,NA,8.96,58.17,69.71,2010
NL31,Utrecht,The Netherlands,61.38,88.70,54.23,71.75,99.57,32.35,NA,40.41,36.77,21.10,2010
NL32,Noord-Holland,The Netherlands,3.58,89.01,68.35,57.69,54.84,95.63,NA,32.16,12.28,3.52,2010
NL33,Zuid-Holland,The Netherlands,25.18,36.25,15.45,81.10,1.40,56.85,NA,77.06,0.18,73.11,2010
NL34,Zeeland,The Netherlands,0.21,35.49,1.30,18.08,37.62,18.97,NA,2.39,34.50,4.84,2010
NL41,Noord-Brabant,The Netherlands,97.70,46.39,94.81,90.61,18.06,27.01,NA,51.99,26.68,32.29,2010
NL42,Limburg (NL),The Netherlands,0.46,81.91,66.03,29.36,29.09,39.72,NA,60.71,95.22,0.63,2010
UK,UNITED KINGDOM (CNT),United Kingdom,16.89,90.24,51.02,99.34,29.20,38.55,NA,43.14,70.62,31.60,2010
UK0,UNITED KINGDOM,United Kingdom,1.22,19.34,3.08,13.17,83.48,23.52,NA,5.98,68.61,62.04,2010
UKC1,Tees Valley and Durham,United Kingdom,19.98,65.23,62.22,71.11,34.00,54.18,NA,51.05,17.23,86.14,2010
UKC2,Northumberland and Tyne and Wear,United Kingdom,93.34,8.28,29.88,67.51,35.78,92.59,NA,12.53,28.58,2.75,2010
UKD1,Cumbria,United Kingdom,47.56,95.47,21.98,46.89,76.79,84.12,NA,28.65,23.02,76.81,2010
UKD3,Greater Manchester,United Kingdom,23.56,87.52,70.53,37.30,21.18,31.88,NA,94.92,78.52,68.34,2010
UKD4,Lancashire,United Kingdom,73.15,4.22,19.58,42.62,72.06,44.83,NA,78.55,62.74,35.62,2010
UKD6,Cheshire,United Kingdom,87.20,50.62,14.28,2.30,25.44,35.36,NA,57.50,45.97,83.99,2010
UKD7,Merseyside,United Kingdom,76.26,46.62,82.78,61.71,89.61,17.64,NA,14.27,38.98,14.62,2010
UKE1,East Yorkshire and Northern Lincolnshire,United Kingdom,62.50,91.18,28.90,16.58,16.19,27.95,NA,79.37,20.63,60.28,2010
UKE2,North Yorkshire,United Kingdom,11.06,87.00,92.45,44.52,87.33,30.61,NA,17.58,1.12,46.11,2010
UKE3,South Yorkshire,United Kingdom,38.72,11.60,73.49,93.03,23.66,15.75,NA,94.01,52.90,56.49,2010
UKE4,West Yorkshire,United Kingdom,70.63,90.09,6.00,3.06,87.46,63.92,NA,19.32,59.75,6.55,2010
UKF1,Derbyshire and Nottinghamshire,United Kingdom,63.36,60.24,26.36,92.24,28.21,69.38,NA,20.05,94.31,94.12,2010
UKF2,"Leicestershire, Rutland and Northampton/",United Kingdom,7.29,9.60,29.14,54.12,69.93,1.70,NA,22.17,70.20,41.33,2010
UKF3,Lincolnshire,United Kingdom,70.80,59.61,22.54,11.83,90.52,52.87,NA,14.04,23.67,22.83,2010
UKG1,"Hereford/, Worcester/ and Warwick/",United Kingdom,95.18,54.50,86.12,65.22,59.36,42.49,NA,81.29,91.94,73.21,2010
UKG2,Shropshire and Staffordshire,United Kingdom,95.90,2.26,54.11,46.75,90.46,96.11,NA,55.81,26.98,91.34,2010
UKG3,West Midlands,United Kingdom,25.44,95.32,17.51,10.81,0.68,68.50,NA,24.59,90.85,44.95,2010
UKH1,East Anglia,United Kingdom,49.04,89.09,77.62,53.22,86.55,27.21,NA,46.75,69.01,99.09,2010
UKH2,Bedfordshire and Hertfordshire,United Kingdom,5.48,51.74,65.14,60.14,40.28,43.84,NA,75.24,11.74,57.02,2010
UKH3,Essex,United Kingdom,97.14,38.91,75.26,5.76,4.63,70.90,NA,18.20,97.89,99.26,2010
UKI1,Inner London,United Kingdom,12.20,18.14,98.42,71.38,0.48,30.08,NA,6.60,13.12,54.43,2010
UKI2,Outer London,United Kingdom,86.58,93.92,21.72,81.76,39.39,82.82,NA,87.38,60.58,63.49,2010
UKJ1,"Berkshire, Buckinghamshire and Oxford/",United Kingdom,49.76,61.23,80.51,0.40,91.91,0.57,NA,7.31,37.42,90.19,2010
UKJ2,"Surrey, East and West Sussex",United Kingdom,14.86,33.17,20.21,34.77,40.79,17.48,NA,93.44,45.50,87.13,2010
UKJ3,Hampshire and Isle of Wight,United Kingdom,2.60,44.66,84.45,53.59,67.55,25.09,NA,44.63,29.69,90.76,2010
UKJ4,Kent,United Kingdom,55.78,93.75,72.83,50.08,59.55,44.12,NA,24.73,41.90,92.86,2010
UKK1,"Gloucestershire, Wiltshire and Bristol",United Kingdom,35.45,42.92,45.87,52.47,63.57,67.41,NA,15.26,91.92,63.63,2010
UKK2,Dorset and Somerset,United Kingdom,33.54,16.71,19.56,66.32,98.87,82.40,101.00,10.08,1.55,51.94,2010
UKK3,Cornwall and Isles of Scilly,United Kingdom,18.18,23.38,45.51,99.18,90.40,24.59,NA,75.98,21.98,61.78,2010
UKK4,Devon,United Kingdom,65.97,6.63,34.72,46.14,67.04,23.79,NA,57.32,2.91,61.93,2010
UKL1,West Wales and The Valleys,United Kingdom,67.70,1.03,7.57,39.62,36.26,38.63,53.00,20.13,24.54,93.64,2010
UKL2,East Wales,United Kingdom,57.25,83.27,87.61,53.26,4.08,57.03,54.00,28.36,47.55,9.21,2010
UKM2,Eastern Scotland,United Kingdom,98.01,90.90,20.36,41.53,13.34,51.30,35.00,79.31,44.37,11.55,2010
UKM3,South Western Scotland,United Kingdom,43.93,39.49,8.07,95.24,78.28,87.03,78.00,95.21,79.74,83.50,2010
UKM5,North Eastern Scotland,United Kingdom,91.34,17.91,91.92,67.55,97.81,56.67,55.00,87.89,46.58,78.57,2010
UKM6,Highlands and Islands,United Kingdom,88.87,79.24,48.08,2.36,38.73,17.49,55.00,13.70,85.28,98.56,2010
UKN0,Northern Ireland,United Kingdom,82.31,57.55,6.03,20.50,56.67,32.68,45.00,42.81,60.98,4.78,2010
AT,AUSTRIA (CNT),Austria,90.51,42.20,99.19,95.65,49.06,30.64,136.95,39.15,50.73,25.99,2020
AT0,AUSTRIA,Austria,28.39,39.19,25.41,9.01,25.27,67.73,100.57,56.50,84.44,56.53,2020
AT11,Burgenland (AT),Austria,91.17,65.88,5.84,16.40,9.53,26.08,113.15,5.41,31.77,39.35,2020
AT12,Niederosterreich,Austria,26.03,50.03,67.35,26.74,16.64,98.24,111.60,86.90,46.40,21.91,2020
AT13,Wien,Austria,66.82,17.24,50.48,26.45,75.36,76.76,52.00,43.57,38.24,9.98,2020
AT21,Karnten,Austria,93.15,35.34,57.46,92.80,78.66,30.43,101.62,7.35,87.63,62.20,2020
AT22,Steiermark,Austria,13.43,92.71,44.09,18.49,86.44,40.05,98.96,17.16,29.06,60.90,2020
AT31,Oberosterreich,Austria,15.14,92.84,30.94,21.57,10.72,1.35,109.92,38.36,55.64,29.65,2020
AT32,Salzburg,Austria,61.57,80.81,60.84,93.32,1.00,45.08,104.00,78.69,57.05,21.62,2020
AT33,Tirol,Austria,30.75,49.12,72.29,37.27,68.31,22.87,104.00,49.19,99.09,7.93,2020
AT34,Vorarlberg,Austria,22.38,17.42,38.57,22.49,28.70,55.17,109.92,76.28,50.30,60.19,2020
BE,BELGIUM (CNT),Belgium,80.02,15.57,10.33,71.03,54.97,82.06,155.55,41.63,18.35,3.94,2020
BE0,BELGIUM,Belgium,81.59,19.07,79.85,30.60,88.89,80.77,119.16,29.75,94.50,36.26,2020
BE10,Bruxelles-Capitale,Belgium,93.13,48.49,76.71,51.87,38.18,77.62,88.34,40.62,17.11,87.02,2020
BE21,Prov. Antwerpen,Belgium,1.38,72.46,23.62,43.38,75.80,48.88,92.46,96.37,21.74,94.13,2020
BE22,Prov. Limburg (BE),Belgium,47.34,21.64,99.82,27.69,9.33,44.14,123.77,64.17,27.15,81.24,2020
BE23,Prov. Oost-Vlaanderen,Belgium,83.61,46.16,70.78,96.02,20.70,88.63,126.43,95.98,5.58,21.35,2020
BE24,Prov. Vlaams-Brabant,Belgium,36.57,57.09,52.60,38.42,15.26,43.87,121.80,58.07,7.59,68.74,2020
BE25,Prov. West-Vlaanderen,Belgium,65.30,4.61,13.96,6.69,61.06,22.82,133.54,53.83,41.43,95.99,2020
BE31,Prov. Brabant Wallon,Belgium,11.10,38.79,43.47,11.02,63.76,37.90,130.96,4.78,92.75,80.54,2020
BE32,Prov. Hainaut,Belgium,47.25,70.47,29.76,39.08,65.11,77.30,129.55,22.06,82.72,44.37,2020
BE33,Prov. Liege,Belgium,88.01,27.69,5.87,40.21,82.14,88.06,120.75,2.47,41.83,67.90,2020
BE34,Prov. Luxembourg (BE),Belgium,59.25,42.35,81.71,22.63,52.54,29.09,118.49,34.16,82.23,55.35,2020
BE35,Prov. Namur,Belgium,9.45,67.86,22.03,9.71,17.26,34.58,124.69,80.06,37.94,44.15,2020
BG,BULGARIA (CNT),Bulgaria,84.10,79.14,80.09,37.45,65.33,86.21,0.00,83.35,0.72,40.79,2020
BG0,BULGARIA,Bulgaria,79.57,2.84,11.22,7.64,98.10,9.67,0.00,41.39,12.53,81.56,2020
BG31,Severozapaden,Bulgaria,58.81,24.70,17.15,63.92,98.22,57.58,0.00,34.92,9.08,47.13,2020
BG32,Severen tsentralen,Bulgaria,38.83,76.22,13.58,32.71,37.45,7.38,0.00,37.41,40.03,12.30,2020
BG33,Severoiztochen,Bulgaria,12.58,96.94,47.20,40.54,75.74,93.87,0.00,91.52,13.73,76.04,2020
BG34,Yugoiztochen,Bulgaria,76.74,47.54,23.04,10.20,4.71,89.18,0.00,76.88,55.99,66.03,2020
BG41,Yugozapaden,Bulgaria,70.47,38.37,82.03,90.37,63.56,55.54,0.00,98.82,77.45,72.82,2020
BG42,Yuzhen tsentralen,Bulgaria,61.33,58.74,77.02,45.52,4.94,92.96,0.00,69.82,53.16,24.23,2020
HR,CROATIA (CNT),Croatia,0.84,32.27,70.89,85.88,95.06,62.28,0.00,99.42,83.79,88.85,2020
HR0,CROATIA,Croatia,39.12,62.37,12.23,51.21,28.83,5.20,0.00,71.14,69.96,48.11,2020
HR03,Jadranska Hrvatska,Croatia,11.40,20.56,83.77,63.07,44.79,97.69,0.00,30.52,96.45,54.10,2020
HR04,Kontinentalna Hrvatska,Croatia,59.36,99.34,5.16,25.96,68.57,79.05,0.00,44.61,19.40,67.17,2020
CY,CYPRUS (CNT),Cyprus,89.24,1.11,14.04,89.54,44.51,8.84,0.00,3.46,12.53,67.34,2020
CY0,CYPRUS,Cyprus,46.46,50.36,20.42,12.54,52.06,70.59,0.00,54.41,69.13,78.07,2020
CY00,Kipros / Kibris,Cyprus,49.42,78.59,98.97,31.98,73.81,49.28,0.00,88.90,61.89,49.15,2020
CZ,CZECH REPUBLIC (CNT),Czech Republic,66.99,33.15,14.89,95.87,50.48,42.16,144.14,77.60,42.23,71.78,2020
CZ0,CZECH REPUBLIC,Czech Republic,78.33,46.68,99.17,4.52,6.25,4.46,108.66,18.70,28.32,77.47,2020
CZ01,Praha,Czech Republic,60.30,88.24,24.68,68.67,41.96,56.47,88.34,70.55,13.38,27.26,2020
CZ02,Stredni Cechy,Czech Republic,29.57,69.56,37.94,8.32,23.31,98.78,115.98,12.67,33.65,93.55,2020
CZ03,Jihozapad,Czech Republic,93.76,98.78,49.34,77.56,32.56,19.96,111.60,46.03,8.88,51.93,2020
CZ04,Severozapad,Czech Republic,26.75,76.30,51.13,42.54,37.34,47.89,106.15,44.63,36.76,0.88,2020
CZ05,Severovychod,Czech Republic,89.66,0.84,11.14,44.10,21.73,45.52,113.15,99.66,3.39,50.09,2020
CZ06,Jihovychod,Czech Republic,42.38,37.07,63.34,57.83,85.64,26.80,115.98,57.48,88.72,9.00,2020
CZ07,Stredni Morava,Czech Republic,52.17,64.55,71.98,43.02,26.89,63.71,109.92,64.96,56.05,30.36,2020
CZ08,Moravskoslezsko,Czech Republic,63.82,31.97,45.13,19.53,72.50,1.86,108.12,96.83,51.91,4.75,2020
DK,DENMARK (CNT),Denmark,89.24,40.20,90.37,87.01,69.09,77.24,0.00,26.65,21.84,90.60,2020
DK0,DENMARK,Denmark,80.54,47.36,45.70,61.67,19.95,9.23,0.00,90.43,12.52,52.80,2020
DK01,Hovedstaden,Denmark,29.77,53.83,3.90,38.39,32.85,81.69,0.00,67.39,75.45,32.35,2020
DK02,Sjaelland,Denmark,0.12,92.87,84.42,15.74,87.81,80.72,0.00,59.41,98.40,99.31,2020
DK03,Syddanmark,Denmark,72.97,25.93,91.97,41.86,58.82,50.11,0.00,40.53,90.64,49.09,2020
DK04,Midtjylland,Denmark,6.69,75.40,67.46,2.92,64.24,9.34,0.00,29.71,75.79,35.96,2020
DK05,Nordjylland,Denmark,11.81,75.93,4.46,69.65,55.77,11.05,0.00,87.88,23.74,49.04,2020
EE,ESTONIA (CNT),Estonia,5.70,86.57,38.95,50.05,6.42,54.79,176.99,95.67,50.87,60.80,2020
EE0,ESTONIA,Estonia,26.11,27.13,96.47,98.78,52.65,24.70,137.96,5.71,13.62,50.08,2020
EE00,Eesti,Estonia,96.77,63.40,72.13,7.05,98.55,32.57,137.96,24.80,54.89,41.25,2020
FI,FINLAND (CNT),Finland,50.13,0.28,56.49,95.65,22.51,74.48,0.00,79.82,37.64,40.70,2020
FI0,FINLAND,Finland,78.23,54.03,34.43,56.78,93.55,60.42,0.00,6.90,99.69,76.58,2020
FI19,Lansi-Suomi,Finland,93.47,0.04,82.80,63.07,0.53,48.85,0.00,58.74,23.58,57.26,2020
FI1B,Helsinki-Uusimaa,Finland,68.60,31.97,32.16,29.78,61.81,55.31,0.00,86.12,91.81,77.58,2020
FI1C,Etela-Suomi,Finland,93.03,84.92,81.75,14.15,1.47,29.87,0.00,34.78,90.65,30.63,2020
FI1D,Pohjois- ja Ita-Suomi,Finland,34.56,74.76,70.11,76.38,11.91,46.19,0.00,58.06,82.18,41.65,2020
FI20,Aland,Finland,17.76,66.14,44.36,39.90,46.69,22.12,0.00,53.87,2.78,33.02,2020
FR,FRANCE (CNT),France,77.28,26.82,24.93,20.39,48.02,72.62,189.58,38.87,28.29,58.04,2020
FR0,FRANCE,France,75.62,99.45,57.40,22.28,48.60,22.18,145.62,40.91,72.48,91.60,2020
FR10,Ile de France,France,10.81,33.83,27.57,76.98,32.44,59.99,130.96,20.24,59.49,60.53,2020
FR21,Champagne-Ardenne,France,21.92,78.35,78.70,49.56,28.79,86.71,148.89,47.59,12.34,49.88,2020
FR22,Picardie,France,97.21,11.25,42.59,45.48,51.07,69.52,151.52,77.74,92.91,45.30,2020
FR23,Haute-Normandie,France,26.71,5.96,31.05,2.55,92.71,44.59,150.39,98.84,92.23,72.20,2020
FR24,Centre,France,52.24,55.49,87.22,35.87,48.40,12.60,148.89,56.54,50.96,32.99,2020
FR25,Basse-Normandie,France,49.32,97.58,41.28,14.00,23.85,74.96,161.39,70.27,48.21,5.11,2020
FR26,Bourgogne,France,55.98,94.81,91.71,32.37,56.66,82.55,145.92,98.66,23.68,87.81,2020
FR30,Nord - Pas-de-Calais,France,57.72,50.00,89.33,96.07,71.85,87.03,155.54,99.75,52.63,91.34,2020
FR41,Lorraine,France,57.16,22.81,89.16,80.69,19.48,68.67,144.83,84.02,66.61,78.18,2020
FR42,Alsace,France,21.07,77.02,9.71,11.50,47.72,12.21,139.42,34.99,10.38,91.59,2020
FR43,Franche-Comte,France,84.74,0.66,1.69,59.10,18.42,21.18,144.83,36.17,21.63,24.42,2020
FR51,Pays de la Loire,France,27.35,80.46,86.15,59.25,32.50,96.28,156.00,78.97,38.93,22.38,2020
FR52,Bretagne,France,89.34,65.72,98.37,85.84,28.69,18.54,147.62,70.83,67.86,60.37,2020
FR53,Poitou-Charentes,France,42.50,41.27,57.25,99.67,30.52,28.39,163.76,98.24,15.60,8.69,2020
FR61,Aquitaine,France,64.75,26.91,88.78,79.54,37.11,78.61,138.46,49.49,82.78,30.06,2020
FR62,Midi-Pyrenees,France,73.56,23.60,92.69,9.36,57.66,7.62,153.11,58.17,53.78,25.31,2020
FR63,Limousin,France,8.32,65.36,86.47,85.84,46.56,10.09,144.83,60.18,38.37,11.15,2020
FR71,Rhone-Alpes,France,98.95,43.61,36.02,88.07,50.34,70.08,136.94,44.26,62.50,70.91,2020
FR72,Auvergne,France,60.65,46.74,35.99,18.74,92.46,41.32,147.94,71.26,71.78,47.85,2020
FR81,Languedoc-Roussillon,France,93.10,41.01,1.78,22.73,10.10,34.09,130.27,33.50,53.91,4.49,2020
FR82,Provence-Alpes-Cote dAzur,France,29.29,36.95,76.58,33.94,91.27,89.40,144.83,26.61,72.85,98.66,2020
FR83,Corse,France,59.84,33.71,69.05,81.70,58.69,54.78,117.27,77.15,46.26,58.96,2020
DE,GERMANY (CNT),Germany,38.74,64.47,3.65,11.21,90.84,73.81,200.20,11.95,38.21,6.51,2020
DE0,GERMANY,Germany,86.67,57.31,33.07,18.49,43.10,76.60,144.59,31.76,85.82,11.49,2020
DE11,Stuttgart,Germany,21.58,19.30,74.81,99.89,23.79,63.55,155.54,48.24,71.34,81.34,2020
DE12,Karlsruhe,Germany,73.36,40.06,3.69,31.41,92.92,40.58,142.90,44.39,94.53,86.25,2020
DE13,Freiburg,Germany,40.59,12.99,3.07,61.01,24.05,15.58,141.23,17.93,68.71,93.35,2020
DE14,Tubingen,Germany,78.25,46.51,47.25,67.31,8.32,85.68,152.33,81.68,85.72,0.50,2020
DE21,Oberbayern,Germany,5.09,71.52,84.60,13.14,24.89,82.18,148.58,86.72,86.27,78.67,2020
DE22,Niederbayern,Germany,68.57,46.86,74.61,72.37,37.58,49.97,157.10,8.53,58.64,74.99,2020
DE23,Oberpfalz,Germany,30.23,50.84,20.21,9.01,87.95,19.63,137.46,42.83,48.20,25.29,2020
DE24,Oberfranken,Germany,98.42,98.04,16.67,69.84,29.83,99.07,152.59,77.77,86.26,86.83,2020
DE25,Mittelfranken,Germany,28.96,50.12,77.07,57.51,48.87,58.18,153.62,9.38,75.75,34.79,2020
DE26,Unterfranken,Germany,91.05,81.44,79.93,92.75,20.20,94.12,150.39,49.64,6.12,70.64,2020
DE27,Schwaben,Germany,82.25,86.67,59.89,20.99,68.56,75.93,156.66,61.17,7.43,31.62,2020
DE30,Berlin,Germany,2.78,13.30,17.30,48.21,95.78,77.71,0.00,81.74,27.84,74.19,2020
DE40,Brandenburg,Germany,81.80,41.29,78.89,15.00,56.41,85.66,149.20,40.09,96.16,83.74,2020
DE50,Bremen,Germany,9.23,4.62,88.65,35.94,22.47,48.18,166.75,68.98,86.99,87.76,2020
DE60,Hamburg,Germany,20.43,86.69,48.53,82.08,33.75,17.89,0.00,28.12,14.04,89.76,2020
DE71,Darmstadt,Germany,89.02,38.53,32.10,70.71,93.76,78.73,141.23,71.05,84.71,67.71,2020
DE72,Giessen,Germany,54.89,70.30,33.97,80.47,79.30,76.66,148.58,98.09,93.78,95.11,2020
DE73,Kassel,Germany,51.47,19.38,73.55,1.00,9.43,28.61,159.15,73.30,3.13,63.63,2020
DE80,Mecklenburg-Vorpommern,Germany,59.70,31.47,35.14,74.66,84.18,77.96,160.67,71.15,85.55,89.59,2020
DE91,Braunschweig,Germany,73.22,54.27,72.87,32.32,3.89,62.68,155.54,62.69,35.30,71.40,2020
DE92,Hannover,Germany,21.29,7.68,30.16,88.44,82.17,35.84,158.35,50.05,98.10,93.43,2020
DE93,Luneburg,Germany,52.81,68.70,4.51,68.66,70.33,97.69,160.67,8.48,76.19,94.42,2020
DE94,Weser-Ems,Germany,92.78,9.27,92.57,60.22,81.57,10.55,163.43,70.06,92.84,31.57,2020
DEA1,Dusseldorf,Germany,34.11,64.49,98.09,52.12,34.31,98.17,152.33,69.00,62.50,99.54,2020
DEA2,Koln,Germany,3.04,37.25,39.69,44.01,93.85,37.01,162.61,98.73,10.37,86.12,2020
DEA3,Munster,Germany,59.93,68.10,65.79,12.57,3.58,84.47,158.56,22.95,15.15,26.69,2020
DEA4,Detmold,Germany,13.16,65.70,4.74,85.83,21.16,31.95,156.66,61.59,22.25,11.60,2020
DEA5,Arnsberg,Germany,84.46,21.24,53.72,64.12,51.03,45.77,144.46,51.48,86.77,68.75,2020
DEB1,Koblenz,Germany,74.72,48.92,35.47,50.80,40.15,11.23,141.66,61.96,71.26,7.14,2020
DEB2,Trier,Germany,66.52,63.45,48.20,32.73,66.82,20.80,148.26,18.76,5.22,88.10,2020
DEB3,Rheinhessen-Pfalz,Germany,48.20,71.91,32.69,81.93,34.06,98.73,149.20,70.89,41.90,32.51,2020
Dec-00,Saarland,Germany,45.47,78.26,94.29,58.76,0.78,89.56,142.90,53.63,0.59,71.18,2020
DED2,Dresden,Germany,23.33,13.60,66.38,96.13,5.61,23.39,154.60,53.51,34.92,79.34,2020
DED4,Chemnitz,Germany,97.24,69.72,35.92,61.80,37.22,46.80,160.49,91.46,95.39,54.70,2020
DED5,Leipzig,Germany,73.69,56.01,47.62,27.17,80.39,17.92,140.79,99.08,60.47,42.11,2020
DEE0,Sachsen-Anhalt,Germany,59.82,18.59,15.31,47.75,27.37,47.87,153.37,48.27,92.38,38.75,2020
DEF0,Schleswig-Holstein,Germany,85.33,65.38,62.01,20.97,4.46,60.11,162.27,65.30,52.18,18.11,2020
DEG0,Thuringen,Germany,51.81,6.13,49.80,52.03,5.75,3.15,154.11,2.53,81.51,3.68,2020
GR,GREECE (CNT),Greece,44.86,79.72,46.44,24.96,12.86,46.28,0.00,9.67,51.43,41.94,2020
GR0,GREECE,Greece,43.52,74.11,77.76,85.34,65.31,52.93,0.00,26.54,6.25,16.56,2020
GR11,Anatoliki Makedonia,Greece,60.15,11.56,90.58,72.73,87.05,12.68,0.00,41.80,31.29,87.90,2020
GR12,Kentriki Makedonia,Greece,46.56,92.06,43.26,75.13,50.78,7.91,0.00,70.84,70.68,61.60,2020
GR13,Dytiki Makedonia,Greece,53.18,60.47,78.14,91.34,58.78,71.56,0.00,63.50,60.84,66.80,2020
GR14,Thessalia,Greece,91.97,75.78,24.53,41.01,95.35,41.54,0.00,89.76,53.54,20.66,2020
GR21,Kentriki Ellada,Greece,49.49,76.31,31.44,81.37,76.49,75.16,0.00,70.85,87.76,13.49,2020
GR22,Ionia Nisia,Greece,27.62,37.28,10.89,10.30,1.96,33.61,0.00,28.93,62.44,16.45,2020
GR23,Dytiki Ellada,Greece,81.35,93.21,64.67,61.18,13.80,1.14,0.00,3.83,63.86,17.01,2020
GR24,Sterea Ellada,Greece,89.79,69.32,58.67,60.34,59.25,76.43,0.00,41.10,15.91,80.39,2020
GR25,Peloponnisos,Greece,57.90,8.98,51.77,80.22,94.47,58.43,0.00,91.08,90.23,67.63,2020
GR30,Attiki,Greece,63.72,99.60,64.87,37.20,87.28,2.54,0.00,86.72,98.05,29.02,2020
GR41,Voreio Aigaio,Greece,55.63,11.92,79.37,49.14,16.12,66.65,0.00,16.61,55.75,86.11,2020
GR42,Notio Aigaio,Greece,69.80,75.64,32.28,46.39,81.54,82.63,0.00,86.46,45.60,64.56,2020
GR43,Kriti,Greece,75.98,25.46,72.09,33.17,80.28,34.93,0.00,78.69,5.17,23.82,2020
HU,HUNGARY (CNT),Hungary,47.81,19.97,62.68,4.99,44.04,39.16,181.33,65.53,37.61,21.22,2020
HU0,HUNGARY,Hungary,80.21,11.89,50.74,19.03,61.72,80.31,140.46,40.47,27.01,66.78,2020
HU10,Kozep-Magyarorszag,Hungary,34.48,4.80,26.05,70.52,42.25,76.55,138.95,26.16,15.04,97.60,2020
HU21,Kozep-Dunantul,Hungary,49.50,82.96,7.96,37.19,43.34,82.44,139.42,20.14,48.10,67.88,2020
HU22,Nyugat-Dunantul,Hungary,20.98,66.23,25.26,73.66,38.93,69.91,138.46,73.07,71.84,94.40,2020
HU23,Del-Dunantul,Hungary,99.15,62.32,90.72,78.15,72.51,62.60,139.42,25.69,62.68,29.44,2020
HU31,Eszak-Magyarorszag,Hungary,73.77,83.20,45.41,84.21,10.63,97.55,138.46,10.09,63.96,7.09,2020
HU32,Eszak-Alfold,Hungary,70.73,13.27,37.52,66.62,32.84,91.30,143.70,80.70,64.57,96.81,2020
HU33,Del-Alfold,Hungary,89.93,38.70,75.55,18.55,21.54,79.40,144.83,43.58,82.12,0.37,2020
IE,IRELAND (CNT),Ireland,1.45,15.67,75.74,42.31,96.46,52.95,140.29,27.89,55.88,9.51,2020
IE0,IRELAND,Ireland,44.93,9.77,31.01,22.28,63.98,36.68,109.02,93.44,15.44,96.12,2020
IE01,"Border, Midland and Western",Ireland,70.87,54.63,32.37,33.28,13.38,83.79,109.92,88.66,34.81,88.93,2020
IE02,Southern and Eastern,Ireland,31.16,48.27,86.34,46.18,56.21,27.73,108.12,94.78,17.10,14.09,2020
IT,ITALY (CNT),Italy,27.99,6.33,47.92,48.18,6.89,57.32,162.46,23.32,45.71,52.70,2020
IT0,ITALY,Italy,0.55,6.62,98.57,23.93,34.09,72.33,116.26,26.09,77.48,88.04,2020
ITC1,Piemonte,Italy,57.73,5.52,84.25,27.75,52.47,45.03,113.15,87.55,9.43,54.11,2020
ITC2,Valle dAosta/Vallee dAoste,Italy,74.06,55.09,29.05,9.43,26.64,62.00,101.62,83.24,61.01,27.73,2020
ITC3,Liguria,Italy,69.45,91.27,93.47,5.99,86.85,3.38,88.34,4.59,61.78,69.05,2020
ITC4,Lombardia,Italy,27.19,79.76,61.41,81.68,57.23,21.13,119.65,97.07,12.25,10.55,2020
ITF1,Abruzzo,Italy,96.07,84.80,49.06,26.40,87.45,59.79,114.61,2.78,60.12,78.58,2020
ITF2,Molise,Italy,38.09,1.84,29.07,90.19,74.43,55.62,119.65,67.07,46.08,61.50,2020
ITF3,Campania,Italy,64.76,24.65,77.55,82.26,75.58,94.51,114.61,3.21,66.31,78.16,2020
ITF4,Puglia,Italy,33.45,66.35,11.78,41.00,36.49,1.53,123.77,69.32,68.68,52.77,2020
ITF5,Basilicata,Italy,55.51,43.00,70.39,65.57,34.46,74.72,109.92,89.61,91.25,83.48,2020
ITF6,Calabria,Italy,94.88,4.42,82.93,94.12,96.92,58.95,117.27,47.55,72.75,76.05,2020
ITG1,Sicilia,Italy,84.99,72.26,4.59,52.03,60.63,85.94,115.98,68.87,19.81,83.07,2020
ITG2,Sardegna,Italy,42.59,58.71,93.92,30.19,6.74,95.83,115.98,44.06,10.37,32.17,2020
ITH1,Prov. Auto. di Bolzano/Bozen,Italy,70.20,57.75,32.80,97.93,23.42,24.57,95.94,37.40,52.29,51.74,2020
ITH2,Prov. Auto. di Trento,Italy,58.97,4.69,77.17,47.80,22.15,47.96,104.00,90.95,65.75,98.84,2020
ITH3,Veneto,Italy,84.63,93.97,76.97,99.47,94.45,73.63,152.59,99.07,46.28,5.54,2020
ITH4,Friuli-Venezia Giulia,Italy,44.85,41.01,27.45,59.52,94.33,93.18,134.15,44.74,56.38,79.20,2020
ITH5,Emilia-Romagna,Italy,50.11,35.15,48.92,27.32,31.42,27.58,118.49,7.94,56.89,40.95,2020
ITI1,Toscana,Italy,32.19,78.59,50.20,92.80,97.50,74.97,119.65,21.69,21.77,33.59,2020
ITI2,Umbria,Italy,83.43,55.12,81.46,12.09,75.14,83.22,122.81,6.51,41.65,93.44,2020
ITI3,Marche,Italy,90.36,2.56,52.48,9.22,77.56,61.58,119.65,39.10,74.27,11.54,2020
ITI4,Lazio,Italy,18.07,27.51,60.81,1.45,43.67,25.13,119.65,50.96,13.81,67.81,2020
LV,LATVIA (CNT),Latvia,58.01,70.48,28.98,70.57,23.15,92.05,160.73,5.52,94.72,21.69,2020
LV0,LATVIA,Latvia,83.11,40.11,36.38,30.74,6.76,9.60,124.69,56.63,43.29,14.43,2020
LV00,Latvija,Latvia,39.03,58.00,17.61,16.72,86.59,47.61,124.69,89.63,83.94,10.70,2020
LT,LITHUANIA (CNT),Lithuania,8.92,52.84,2.82,38.62,2.19,58.36,172.75,84.71,99.55,36.46,2020
LT0,LITHUANIA,Lithuania,39.76,28.53,2.52,77.74,3.25,76.63,134.73,77.33,72.87,62.31,2020
LT00,Lietuva,Lithuania,96.35,33.30,40.07,53.80,49.12,57.69,134.73,37.95,70.47,26.84,2020
LU,LUXEMBOURG (CNT),Luxembourg,58.38,67.89,86.07,47.54,51.58,49.65,4.31,82.37,47.79,58.11,2020
LU0,LUXEMBOURG,Luxembourg,60.60,84.29,9.60,87.33,46.51,83.29,0.00,61.70,89.69,64.03,2020
LU00,Luxembourg,Luxembourg,6.32,13.83,15.96,8.97,58.26,14.56,0.00,87.53,20.00,4.98,2020
MT,MALTA (CNT),Malta,48.49,64.92,75.94,10.54,32.81,25.15,0.00,23.07,38.56,49.75,2020
MT0,MALTA,Malta,72.11,88.64,11.86,18.26,66.22,74.00,0.00,84.54,19.13,34.37,2020
MT00,Malta,Malta,89.01,57.87,1.59,13.26,7.33,3.66,0.00,81.91,5.74,61.96,2020
PL,POLAND (CNT),Poland,44.33,53.22,62.29,94.36,95.37,9.03,193.67,68.10,85.68,66.38,2020
PL0,POLAND,Poland,13.08,64.98,36.86,30.88,98.61,75.79,148.87,1.60,88.05,69.77,2020
PL11,Lodzkie,Poland,87.13,59.92,89.95,65.74,44.33,23.01,151.24,99.57,31.87,16.27,2020
PL12,Mazowieckie,Poland,5.46,97.91,20.96,9.89,15.60,89.70,153.62,95.01,64.67,28.83,2020
PL21,Malopolskie,Poland,40.01,25.49,94.98,83.59,38.78,53.94,147.62,39.52,73.31,76.97,2020
PL22,Slaskie,Poland,58.40,92.90,12.56,45.43,7.23,37.48,142.08,66.78,23.60,59.97,2020
PL31,Lubelskie,Poland,85.75,83.89,0.48,62.93,85.66,15.88,151.24,78.74,69.71,58.44,2020
PL32,Podkarpackie,Poland,5.13,78.59,29.85,48.33,10.04,70.60,145.56,92.94,5.89,3.69,2020
PL33,Swietokrzyskie,Poland,70.55,31.20,96.88,80.88,15.82,90.55,153.62,2.34,47.07,16.17,2020
PL34,Podlaskie,Poland,12.16,60.40,84.89,32.36,8.98,36.58,149.50,76.33,23.02,14.67,2020
PL41,Wielkopolskie,Poland,88.45,54.76,17.89,25.81,48.98,95.83,152.85,53.49,34.31,77.47,2020
PL42,Zachodniopomorskie,Poland,49.96,2.54,31.95,43.00,27.93,97.22,154.36,79.98,12.33,2.17,2020
PL43,Lubuskie,Poland,74.08,97.90,97.19,64.15,97.78,55.36,139.42,81.43,34.29,39.51,2020
PL51,Dolnoslaskie,Poland,39.28,39.59,11.30,62.80,41.34,63.05,149.50,60.21,42.26,98.74,2020
PL52,Opolskie,Poland,42.16,89.69,48.70,64.60,83.61,2.95,149.50,53.46,21.34,24.60,2020
PL61,Kujawsko-Pomorskie,Poland,49.67,20.69,99.93,8.42,83.14,19.94,148.58,85.09,66.00,90.40,2020
PL62,Warminsko-Mazurskie,Poland,61.98,92.76,84.70,98.97,27.02,45.94,147.62,77.12,32.00,85.56,2020
PL63,Pomorskie,Poland,63.02,94.04,80.15,71.41,80.64,33.31,145.56,86.81,94.65,95.58,2020
PT,PORTUGAL (CNT),Portugal,6.22,45.09,26.39,34.80,15.08,12.05,0.00,85.27,85.32,73.07,2020
PT0,PORTUGAL,Portugal,11.91,71.65,16.82,32.64,40.34,64.49,0.00,66.88,39.09,84.69,2020
PT11,Norte,Portugal,36.06,96.25,85.52,13.25,56.45,12.83,0.00,75.89,12.28,78.49,2020
PT15,Algarve,Portugal,48.14,42.84,38.05,34.95,97.98,40.27,0.00,43.40,28.19,33.99,2020
PT16,Centro (PT),Portugal,36.84,78.55,75.84,47.14,84.61,81.76,0.00,31.16,97.18,6.12,2020
PT17,Lisboa,Portugal,97.51,85.26,14.03,54.99,3.26,48.95,0.00,65.58,44.00,94.79,2020
PT18,Alentejo,Portugal,31.43,91.25,16.31,16.90,4.03,17.94,0.00,75.11,11.78,70.09,2020
RO,ROMANIA (CNT),Romania,67.36,21.19,93.96,79.75,52.59,72.30,0.00,58.17,2.96,81.95,2020
RO0,ROMANIA,Romania,34.51,63.66,67.82,11.38,34.53,84.42,0.00,99.12,68.83,18.10,2020
RO11,Nord-Vest,Romania,43.73,89.69,39.88,70.03,50.54,24.08,0.00,91.45,72.63,46.00,2020
RO12,Centru,Romania,85.49,18.44,28.17,98.21,52.31,76.41,0.00,63.64,16.93,63.78,2020
RO21,Nord-Est,Romania,37.42,77.81,59.23,53.41,74.00,10.06,0.00,97.88,31.99,19.72,2020
RO22,Sud-Est,Romania,41.07,84.59,95.17,36.15,71.54,39.64,0.00,1.59,33.89,98.59,2020
RO31,Sud - Muntenia,Romania,26.00,50.74,1.85,73.64,11.05,81.42,0.00,32.52,6.27,87.04,2020
RO32,Bucuresti - Ilfov,Romania,96.60,30.32,29.01,66.71,58.11,39.41,0.00,27.94,95.54,81.09,2020
RO41,Sud-Vest Oltenia,Romania,37.66,11.11,51.04,71.98,23.09,30.73,0.00,9.11,24.57,8.17,2020
RO42,Vest,Romania,79.11,48.97,48.62,96.34,98.70,16.71,0.00,54.95,88.75,3.10,2020
SK,SLOVAKIA (CNT),Slovakia,94.47,24.65,41.35,16.05,13.89,31.53,167.15,68.62,78.23,63.14,2020
SK0,SLOVAKIA,Slovakia,32.10,98.76,58.56,45.72,71.05,4.46,130.19,59.10,62.67,75.46,2020
SK01,Bratislavsky kraj,Slovakia,47.49,82.75,78.26,77.27,70.98,99.51,131.63,23.24,0.24,42.64,2020
SK02,Zapadne Slovensko,Slovakia,12.79,54.42,42.86,22.86,10.39,8.10,136.41,47.38,98.11,10.79,2020
SK03,Stredne Slovensko,Slovakia,4.65,40.15,14.61,38.16,4.03,96.30,124.69,22.61,38.65,66.75,2020
SK04,Vychodne Slovensko,Slovakia,33.23,55.59,27.60,57.59,86.20,84.67,128.04,77.33,72.06,59.89,2020
SI,SLOVENIA (CNT),Slovenia,27.35,25.03,91.75,30.23,99.92,65.31,123.72,0.33,52.88,2.07,2020
SI0,SLOVENIA,Slovenia,60.46,26.73,19.73,57.26,73.42,42.86,96.17,40.95,58.03,90.95,2020
SI01,Vzhodna Slovenija,Slovenia,13.91,70.19,69.63,65.70,37.00,32.23,88.34,26.51,38.97,23.69,2020
SI02,Zahodna Slovenija,Slovenia,96.27,25.72,82.27,47.30,41.85,96.20,104.00,5.57,75.92,26.16,2020
ES,SPAIN (CNT),Spain,11.57,89.14,5.02,0.72,45.75,61.13,109.01,19.36,43.38,16.59,2020
ES0,SPAIN,Spain,91.93,25.23,99.40,17.40,74.06,28.57,81.11,3.90,37.17,49.74,2020
ES11,Galicia,Spain,96.74,89.64,62.08,6.70,17.94,75.85,88.34,28.82,97.37,77.59,2020
ES12,Principado de Asturias,Spain,45.46,70.80,94.69,36.05,20.60,62.74,67.65,98.98,35.49,97.07,2020
ES13,Cantabria,Spain,77.11,40.80,40.87,16.52,27.36,58.58,67.65,38.82,95.21,67.75,2020
ES21,Pais Vasco,Spain,43.84,70.83,83.53,1.04,86.00,76.93,52.00,55.85,4.41,20.29,2020
ES22,Comunidad Foral de Navarra,Spain,73.15,99.40,38.42,26.85,41.75,39.53,88.34,51.65,65.38,14.08,2020
ES23,La Rioja,Spain,80.84,5.65,88.49,95.20,51.16,25.28,76.81,16.60,50.21,98.18,2020
ES24,Aragon,Spain,22.00,49.73,72.33,32.19,75.22,25.90,88.34,75.75,35.20,26.05,2020
ES30,Comunidad de Madrid,Spain,58.64,77.19,76.80,7.93,19.93,47.62,83.31,81.82,7.25,2.89,2020
ES41,Castilla y Leon,Spain,17.55,14.29,18.56,58.53,87.02,87.88,76.81,66.44,77.15,70.21,2020
ES42,Castilla-La Mancha,Spain,12.26,69.55,6.52,51.52,8.66,66.28,95.94,61.54,73.92,60.47,2020
ES43,Extremadura,Spain,94.48,42.01,82.19,55.58,97.33,32.17,88.34,71.93,24.39,24.35,2020
ES51,Cataluna,Spain,69.72,9.01,26.75,26.26,37.15,73.11,76.81,52.69,86.01,22.50,2020
ES52,Comunidad Valenciana,Spain,64.04,35.39,51.13,78.37,57.20,91.01,83.31,58.66,92.86,83.36,2020
ES53,Illes Balears,Spain,83.21,81.26,12.60,87.62,12.06,88.98,88.34,71.93,30.83,45.49,2020
ES61,Andalucia,Spain,36.15,38.90,68.95,55.26,16.72,61.26,83.31,63.70,79.02,50.40,2020
ES62,Region de Murcia,Spain,69.03,29.36,96.89,99.29,16.33,59.74,92.46,81.35,45.92,36.19,2020
SE,SWEDEN (CNT),Sweden,46.90,88.16,78.23,79.63,97.71,40.98,111.61,0.00,45.89,58.19,2020
SE0,SWEDEN,Sweden,13.37,19.00,2.69,10.54,55.35,33.86,78.26,64.41,39.45,38.51,2020
SE11,Stockholm,Sweden,6.50,91.77,50.06,53.10,51.95,47.73,98.96,88.65,29.38,23.58,2020
SE12,Ostra Mellansverige,Sweden,58.20,29.63,83.17,46.18,75.43,38.65,111.60,106.66,90.64,13.05,2020
SE21,Smaland med oarna,Sweden,70.85,30.57,24.08,22.95,25.93,77.25,88.34,71.93,6.66,73.66,2020
SE22,Sydsverige,Sweden,89.06,39.35,60.45,72.57,13.75,43.43,111.60,106.66,54.62,62.58,2020
SE23,Vastsverige,Sweden,79.04,34.67,10.19,26.53,53.93,57.15,111.60,105.38,34.71,88.90,2020
SE31,Norra Mellansverige,Sweden,55.03,85.46,90.18,13.13,58.55,62.33,52.00,35.97,30.40,92.36,2020
SE32,Mellersta Norrland,Sweden,18.89,43.95,40.32,41.08,88.77,27.01,0.00,0.00,32.75,7.59,2020
SE33,Ovre Norrland,Sweden,50.58,46.98,94.76,45.67,77.23,83.23,52.00,0.00,59.04,84.98,2020
NL,THE NETHERLANDS (CNT),The Netherlands,14.13,95.52,63.08,2.38,51.92,99.27,175.83,231.07,83.96,53.76,2020
NL0,THE NETHERLANDS,The Netherlands,4.46,94.21,14.81,75.13,64.39,88.88,133.41,137.58,34.04,6.10,2020
NL11,Groningen,The Netherlands,48.13,34.70,61.36,46.01,10.74,44.05,115.98,113.46,78.79,68.01,2020
NL12,Friesland (NL),The Netherlands,67.90,31.37,78.28,60.62,24.53,87.38,148.58,159.35,53.50,38.73,2020
NL13,Drenthe,The Netherlands,79.55,40.50,94.19,63.46,15.77,42.59,136.41,141.77,5.54,2.19,2020
NL21,Overijssel,The Netherlands,20.90,46.00,15.17,59.93,81.66,56.57,137.46,143.45,75.76,22.74,2020
NL22,Gelderland,The Netherlands,78.72,9.86,93.67,82.22,23.77,32.37,129.55,131.78,14.17,39.30,2020
NL23,Flevoland,The Netherlands,70.38,1.38,80.39,95.85,77.56,86.66,135.30,140.00,51.91,61.04,2020
NL31,Utrecht,The Netherlands,38.07,48.92,83.12,26.59,45.72,8.27,128.81,131.19,33.43,12.72,2020
NL32,Noord-Holland,The Netherlands,48.08,10.97,72.05,37.38,47.45,75.40,134.15,138.61,42.83,33.02,2020
NL33,Zuid-Holland,The Netherlands,31.73,85.03,49.00,5.13,48.98,34.05,130.27,132.36,82.66,70.42,2020
NL34,Zeeland,The Netherlands,29.52,72.12,2.39,51.48,22.86,60.93,142.50,150.43,16.56,98.72,2020
NL41,Noord-Brabant,The Netherlands,17.31,15.26,21.58,14.78,35.17,42.07,130.27,133.49,56.29,26.91,2020
NL42,Limburg (NL),The Netherlands,76.59,89.27,81.43,91.55,55.01,64.63,131.63,135.11,6.24,0.94,2020
UK,UNITED KINGDOM (CNT),United Kingdom,1.94,85.30,41.36,88.33,80.88,3.55,93.74,0.00,56.43,17.01,2020
UK0,UNITED KINGDOM,United Kingdom,14.88,0.80,24.64,32.33,80.87,51.59,104.24,97.65,53.02,42.04,2020
UKC1,Tees Valley and Durham,United Kingdom,44.21,90.54,16.83,29.85,63.73,1.81,128.04,129.35,99.14,97.77,2020
UKC2,Northumberland and Tyne and Wear,United Kingdom,74.51,76.28,25.78,51.53,45.76,75.23,106.15,98.07,24.11,56.91,2020
UKD1,Cumbria,United Kingdom,60.52,54.13,35.94,74.28,67.84,50.30,52.00,35.97,16.36,30.62,2020
UKD3,Greater Manchester,United Kingdom,93.60,73.03,73.46,15.74,83.43,47.02,108.12,101.19,11.84,42.69,2020
UKD4,Lancashire,United Kingdom,44.14,99.78,70.48,36.94,90.31,21.43,88.34,71.93,97.29,15.30,2020
UKD6,Cheshire,United Kingdom,63.97,94.71,41.11,79.92,61.33,18.99,104.00,96.39,94.59,28.61,2020
UKD7,Merseyside,United Kingdom,98.77,82.75,55.56,2.52,24.91,88.36,92.46,78.50,60.65,25.61,2020
UKE1,East Yorkshire and Northern Lincolnshire,United Kingdom,50.23,22.62,61.63,69.50,83.97,86.88,108.12,101.19,12.25,82.70,2020
UKE2,North Yorkshire,United Kingdom,33.62,47.98,96.28,73.17,38.15,71.34,83.31,68.07,29.86,84.65,2020
UKE3,South Yorkshire,United Kingdom,28.40,36.89,39.40,7.57,57.39,75.49,153.11,165.94,78.28,80.63,2020
UKE4,West Yorkshire,United Kingdom,29.07,38.74,86.06,32.82,57.36,9.86,142.50,150.43,56.23,26.64,2020
UKF1,Derbyshire and Nottinghamshire,United Kingdom,88.65,48.00,33.80,36.76,22.45,28.36,137.46,143.45,67.96,5.36,2020
UKF2,"Leicestershire, Rutland and Northampton/",United Kingdom,14.01,39.41,64.29,50.48,61.74,61.31,126.43,127.41,69.03,70.30,2020
UKF3,Lincolnshire,United Kingdom,21.74,5.90,29.25,61.76,7.85,13.62,76.81,52.69,27.32,11.02,2020
UKG1,"Hereford/, Worcester/ and Warwick/",United Kingdom,88.11,49.06,16.70,30.72,87.03,26.34,121.80,120.76,89.65,52.31,2020
UKG2,Shropshire and Staffordshire,United Kingdom,52.99,86.50,97.39,27.08,51.38,3.03,117.27,114.46,86.29,60.44,2020
UKG3,West Midlands,United Kingdom,27.09,41.61,24.08,83.23,38.64,36.94,131.63,135.11,88.18,25.69,2020
UKH1,East Anglia,United Kingdom,19.08,73.29,33.79,1.36,24.74,67.88,98.96,88.65,40.38,83.95,2020
UKH2,Bedfordshire and Hertfordshire,United Kingdom,74.66,28.65,68.88,81.82,48.28,68.85,151.24,163.37,30.37,10.82,2020
UKH3,Essex,United Kingdom,16.20,3.66,20.18,51.54,3.70,33.27,111.60,106.66,61.43,70.27,2020
UKI1,Inner London,United Kingdom,60.32,0.02,64.67,5.40,35.86,45.20,0.00,0.00,64.13,13.84,2020
UKI2,Outer London,United Kingdom,75.45,77.70,59.59,40.71,63.44,87.44,0.00,0.00,97.40,48.32,2020
UKJ1,"Berkshire, Buckinghamshire and Oxford/",United Kingdom,90.70,69.05,47.24,10.75,37.49,69.17,123.77,123.13,52.54,10.32,2020
UKJ2,"Surrey, East and West Sussex",United Kingdom,8.09,31.15,26.58,82.52,20.62,96.40,111.60,106.66,75.63,5.67,2020
UKJ3,Hampshire and Isle of Wight,United Kingdom,7.85,76.43,1.43,44.76,77.90,14.74,113.15,107.90,16.63,97.53,2020
UKJ4,Kent,United Kingdom,75.88,34.64,76.86,40.25,34.73,91.05,113.15,106.66,34.03,0.59,2020
UKK1,"Gloucestershire, Wiltshire and Bristol",United Kingdom,71.05,94.04,63.72,54.62,40.76,88.15,134.15,138.61,24.20,1.36,2020
UKK2,Dorset and Somerset,United Kingdom,88.87,90.19,61.30,27.47,21.87,79.42,104.00,94.62,59.44,96.80,2020
UKK3,Cornwall and Isles of Scilly,United Kingdom,51.76,28.43,99.76,68.09,81.77,8.61,108.12,101.19,35.51,67.06,2020
UKK4,Devon,United Kingdom,27.92,50.68,63.21,99.95,71.36,12.20,126.43,126.73,3.27,23.41,2020
UKL1,West Wales and The Valleys,United Kingdom,85.07,59.73,13.05,88.13,14.37,1.85,104.00,94.62,94.98,76.06,2020
UKL2,East Wales,United Kingdom,80.19,22.40,36.34,21.26,30.10,24.08,137.96,143.86,80.47,16.98,2020
UKM2,Eastern Scotland,United Kingdom,58.68,96.67,72.48,58.48,39.64,23.49,114.61,109.09,34.47,55.10,2020
UKM3,South Western Scotland,United Kingdom,13.21,30.16,18.12,84.54,71.10,13.91,98.96,86.39,89.21,59.96,2020
UKM5,North Eastern Scotland,United Kingdom,40.72,99.47,71.30,49.77,83.62,37.62,52.00,0.00,26.56,2.61,2020
UKM6,Highlands and Islands,United Kingdom,48.09,26.87,81.03,23.44,55.21,90.71,52.00,0.00,87.52,49.82,2020
UKN0,Northern Ireland,United Kingdom,70.36,12.29,10.21,39.46,24.82,69.54,123.77,123.88,17.86,76.86,2020
AT,AUSTRIA (CNT),Austria,73.23,52.50,91.85,3.05,87.80,80.30,188.26,276.12,15.15,14.58,2040
AT0,AUSTRIA,Austria,64.21,10.54,72.02,9.05,64.91,92.90,129.89,138.57,8.20,89.73,2040
AT11,Burgenland (AT),Austria,26.52,26.08,28.63,9.60,73.93,19.68,154.60,168.13,68.54,94.94,2040
AT12,Niederosterreich,Austria,22.73,78.00,34.09,57.21,57.75,31.52,153.62,166.75,28.86,32.36,2040
AT13,Wien,Austria,94.56,75.19,0.42,39.50,54.17,70.94,0.00,0.00,26.28,45.59,2040
AT21,Karnten,Austria,11.30,35.48,87.34,10.14,44.66,22.57,141.66,149.42,80.86,55.26,2040
AT22,Steiermark,Austria,25.88,4.73,27.47,52.85,66.82,49.52,140.34,147.31,0.42,21.66,2040
AT31,Oberosterreich,Austria,6.84,23.41,56.83,27.35,97.34,79.84,151.79,163.81,46.38,89.48,2040
AT32,Salzburg,Austria,57.96,56.09,11.42,88.29,58.69,68.61,143.30,151.73,91.42,66.76,2040
AT33,Tirol,Austria,87.08,12.36,4.82,67.19,87.45,33.88,136.41,142.20,27.21,67.39,2040
AT34,Vorarlberg,Austria,9.64,24.38,37.75,84.03,60.67,46.74,147.29,157.80,44.11,77.78,2040
BE,BELGIUM (CNT),Belgium,59.08,57.47,44.99,25.92,18.10,79.76,179.88,244.15,35.92,7.05,2040
BE0,BELGIUM,Belgium,77.29,81.73,62.06,13.45,1.14,56.00,128.68,135.78,44.99,56.06,2040
BE10,Bruxelles-Capitale,Belgium,97.78,7.39,3.45,45.20,11.35,59.25,0.00,0.00,81.44,0.02,2040
BE21,Prov. Antwerpen,Belgium,2.21,12.59,42.07,36.38,97.55,3.48,115.98,113.46,85.54,33.93,2040
BE22,Prov. Limburg (BE),Belgium,80.12,78.70,31.00,28.81,92.86,33.82,144.83,153.88,77.85,49.86,2040
BE23,Prov. Oost-Vlaanderen,Belgium,96.18,30.06,16.70,95.45,71.75,20.11,142.08,149.76,53.42,54.30,2040
BE24,Prov. Vlaams-Brabant,Belgium,2.69,68.29,87.35,25.79,26.11,77.71,144.08,153.28,98.52,12.89,2040
BE25,Prov. West-Vlaanderen,Belgium,59.68,82.29,64.10,18.44,92.27,31.86,151.52,163.81,82.06,13.71,2040
BE31,Prov. Brabant Wallon,Belgium,21.82,61.05,6.52,7.65,40.29,58.58,149.50,160.82,20.93,1.57,2040
BE32,Prov. Hainaut,Belgium,79.08,98.95,81.64,87.24,2.28,87.60,147.62,157.80,62.99,84.52,2040
BE33,Prov. Liege,Belgium,68.30,6.90,27.04,49.27,87.86,2.15,138.46,145.05,9.00,3.33,2040
BE34,Prov. Luxembourg (BE),Belgium,57.79,61.93,38.73,46.58,28.77,71.87,138.46,144.66,95.17,31.69,2040
BE35,Prov. Namur,Belgium,52.87,72.66,85.15,93.10,28.61,4.66,142.90,151.08,42.43,96.59,2040
BG,BULGARIA (CNT),Bulgaria,26.35,73.40,79.82,43.76,27.30,66.71,158.40,154.04,21.48,87.62,2040
BG0,BULGARIA,Bulgaria,57.42,87.06,65.01,96.74,52.33,79.87,121.75,120.60,83.47,76.85,2040
BG31,Severozapaden,Bulgaria,22.01,77.35,61.47,30.22,39.73,2.19,114.61,109.09,70.55,8.64,2040
BG32,Severen tsentralen,Bulgaria,38.11,92.42,13.22,69.22,3.74,54.96,130.96,134.04,56.92,13.03,2040
BG33,Severoiztochen,Bulgaria,55.43,54.63,20.41,47.64,46.94,53.05,128.04,129.97,21.54,93.05,2040
BG34,Yugoiztochen,Bulgaria,22.34,67.80,84.09,96.23,50.81,72.39,111.60,106.66,82.19,42.28,2040
BG41,Yugozapaden,Bulgaria,58.27,97.79,68.98,62.00,82.90,14.99,117.27,114.46,9.12,58.12,2040
BG42,Yuzhen tsentralen,Bulgaria,29.00,47.47,57.32,71.74,3.26,99.39,128.04,129.35,14.24,20.24,2040
HR,CROATIA (CNT),Croatia,35.47,26.22,89.46,77.98,39.31,72.09,0.00,0.00,76.09,14.43,2040
HR0,CROATIA,Croatia,48.47,65.83,29.12,60.09,25.05,21.31,0.00,0.00,50.94,77.91,2040
HR03,Jadranska Hrvatska,Croatia,26.82,43.18,37.98,16.25,54.17,15.87,0.00,0.00,52.51,32.41,2040
HR04,Kontinentalna Hrvatska,Croatia,59.89,40.32,88.10,60.01,3.62,40.63,0.00,0.00,82.39,2.78,2040
CY,CYPRUS (CNT),Cyprus,29.43,30.10,7.28,25.89,93.49,70.30,0.00,0.00,31.51,91.77,2040
CY0,CYPRUS,Cyprus,46.09,23.52,1.86,92.12,83.27,13.76,0.00,0.00,51.75,90.39,2040
CY00,Kipros / Kibris,Cyprus,49.45,64.31,35.08,8.44,16.07,42.24,0.00,0.00,29.88,97.91,2040
CZ,CZECH REPUBLIC (CNT),Czech Republic,50.69,50.76,85.22,4.71,28.90,73.79,193.98,293.25,81.74,33.08,2040
CZ0,CZECH REPUBLIC,Czech Republic,86.22,62.40,45.85,50.76,53.42,99.78,148.55,159.36,60.42,96.08,2040
CZ01,Praha,Czech Republic,40.88,57.23,34.13,42.42,87.05,9.51,134.15,138.61,39.31,71.80,2040
CZ02,Stredni Cechy,Czech Republic,73.67,44.64,85.95,66.75,0.15,28.77,154.60,168.13,23.92,53.19,2040
CZ03,Jihozapad,Czech Republic,9.54,64.59,78.45,7.47,51.35,49.19,149.50,160.58,37.83,18.36,2040
CZ04,Severozapad,Czech Republic,39.50,63.72,51.32,89.18,35.95,25.84,147.62,158.06,81.33,23.04,2040
CZ05,Severovychod,Czech Republic,79.89,71.97,47.73,57.56,83.38,41.68,151.24,163.15,94.68,15.35,2040
CZ06,Jihovychod,Czech Republic,74.65,47.20,3.19,53.18,46.07,97.09,153.87,167.15,22.93,12.51,2040
CZ07,Stredni Morava,Czech Republic,46.92,34.85,95.57,36.30,76.37,49.25,149.20,160.09,88.83,30.51,2040
CZ08,Moravskoslezsko,Czech Republic,29.05,52.98,49.32,3.49,59.99,31.22,148.26,159.09,76.60,73.26,2040
DK,DENMARK (CNT),Denmark,56.54,82.44,82.99,77.77,26.14,16.42,0.00,0.00,20.54,83.76,2040
DK0,DENMARK,Denmark,28.17,47.21,99.92,66.33,34.88,58.11,0.00,0.00,91.34,4.46,2040
DK01,Hovedstaden,Denmark,34.84,45.33,18.57,83.50,2.11,60.54,0.00,0.00,73.81,73.12,2040
DK02,Sjaelland,Denmark,54.41,30.80,34.41,47.43,11.71,90.87,0.00,0.00,40.50,81.24,2040
DK03,Syddanmark,Denmark,36.64,0.22,32.45,10.92,86.91,46.51,0.00,0.00,11.21,8.42,2040
DK04,Midtjylland,Denmark,34.19,10.92,1.01,87.12,70.51,13.55,0.00,0.00,96.72,60.18,2040
DK05,Nordjylland,Denmark,59.63,83.11,98.25,4.24,20.04,92.96,0.00,0.00,7.09,85.60,2040
EE,ESTONIA (CNT),Estonia,63.74,4.61,56.59,58.29,40.81,63.79,176.20,231.07,28.18,30.24,2040
EE0,ESTONIA,Estonia,32.18,65.44,47.76,38.58,22.45,76.15,136.94,142.62,75.68,73.20,2040
EE00,Eesti,Estonia,30.07,72.97,58.95,46.35,1.14,9.41,136.94,142.62,24.44,73.13,2040
FI,FINLAND (CNT),Finland,93.10,56.88,28.84,62.08,75.80,28.54,144.13,122.08,77.31,65.10,2040
FI0,FINLAND,Finland,51.98,36.08,12.28,89.69,7.86,29.17,113.13,108.35,81.34,65.76,2040
FI19,Lansi-Suomi,Finland,14.10,20.97,92.79,53.97,4.73,14.20,119.65,118.21,6.00,92.91,2040
FI1B,Helsinki-Uusimaa,Finland,38.40,92.04,62.06,12.47,15.79,0.71,124.69,125.34,81.14,12.82,2040
FI1C,Etela-Suomi,Finland,11.23,40.33,95.85,72.75,23.69,45.62,136.41,141.77,64.86,18.08,2040
FI1D,Pohjois- ja Ita-Suomi,Finland,7.37,67.96,45.74,62.77,35.86,21.04,83.31,63.70,98.23,49.95,2040
FI20,Aland,Finland,15.36,12.32,93.88,85.34,93.77,38.32,101.62,92.75,4.14,24.96,2040
FR,FRANCE (CNT),France,10.11,78.21,44.16,23.66,98.40,91.14,205.20,338.30,24.44,3.69,2040
FR0,FRANCE,France,78.18,52.21,71.93,88.08,44.54,15.54,157.33,172.13,15.01,11.01,2040
FR10,Ile de France,France,70.14,5.00,34.39,51.52,13.08,83.27,151.24,163.15,46.73,77.55,2040
FR21,Champagne-Ardenne,France,80.08,5.19,19.34,57.57,22.71,12.94,159.35,175.05,10.70,54.83,2040
FR22,Picardie,France,32.75,98.89,97.93,28.87,15.91,26.40,163.27,180.75,6.91,89.81,2040
FR23,Haute-Normandie,France,69.27,51.42,68.13,91.09,64.86,2.64,161.75,178.45,99.88,52.68,2040
FR24,Centre,France,85.76,22.51,26.72,44.88,98.45,49.60,160.49,176.72,58.75,32.33,2040
FR25,Basse-Normandie,France,26.78,3.96,80.26,40.08,80.65,63.69,174.31,196.71,79.77,21.22,2040
FR26,Bourgogne,France,17.23,44.82,98.30,23.76,12.05,85.61,158.15,173.29,47.77,82.83,2040
FR30,Nord - Pas-de-Calais,France,75.73,85.39,24.47,14.66,76.51,71.59,167.03,186.17,22.83,78.83,2040
FR41,Lorraine,France,75.40,54.30,80.85,51.39,1.08,40.79,157.10,171.77,31.67,64.24,2040
FR42,Alsace,France,85.01,31.09,97.06,22.20,70.63,67.34,152.06,164.47,61.17,77.82,2040
FR43,Franche-Comte,France,84.31,96.86,74.14,30.43,89.03,67.22,153.62,166.75,39.18,79.03,2040
FR51,Pays de la Loire,France,83.33,85.45,90.07,70.02,3.12,7.17,170.49,191.20,29.00,27.80,2040
FR52,Bretagne,France,7.90,34.38,51.34,49.32,59.79,79.33,161.22,177.88,1.75,53.79,2040
FR53,Poitou-Charentes,France,62.93,20.01,76.03,48.56,6.05,78.82,170.25,190.82,35.75,64.21,2040
FR61,Aquitaine,France,2.66,59.14,70.30,23.43,1.11,63.80,150.09,161.77,51.64,5.61,2040
FR62,Midi-Pyrenees,France,6.31,12.24,35.06,68.90,0.77,94.17,161.22,177.88,95.36,80.63,2040
FR63,Limousin,France,79.11,84.66,90.30,28.98,14.81,72.02,156.88,171.42,97.54,25.76,2040
FR71,Rhone-Alpes,France,96.87,38.99,95.20,74.71,80.19,50.10,148.89,159.85,22.88,12.23,2040
FR72,Auvergne,France,76.63,90.79,55.50,41.28,9.31,22.80,159.15,174.73,95.14,87.18,2040
FR81,Languedoc-Roussillon,France,10.32,76.97,72.92,43.20,40.06,27.27,143.30,152.04,65.72,30.01,2040
FR82,Provence-Alpes-Cote dAzur,France,35.20,15.37,59.14,24.75,97.26,57.29,154.11,167.35,27.51,0.88,2040
FR83,Corse,France,38.09,77.50,14.54,12.86,76.66,94.22,127.25,128.72,19.15,95.64,2040
DE,GERMANY (CNT),Germany,39.21,42.90,77.83,51.24,84.39,81.02,211.90,366.23,94.28,6.73,2040
DE0,GERMANY,Germany,19.67,27.19,91.57,12.16,48.38,52.39,154.08,170.35,54.98,95.86,2040
DE11,Stuttgart,Germany,31.92,40.63,73.97,3.43,12.89,64.84,163.76,181.40,30.29,71.94,2040
DE12,Karlsruhe,Germany,72.97,66.11,36.05,9.11,82.14,24.42,154.84,168.51,46.60,97.35,2040
DE13,Freiburg,Germany,10.98,79.08,95.62,100.00,96.33,30.75,153.87,166.95,68.85,36.93,2040
DE14,Tubingen,Germany,6.00,97.83,58.26,48.00,27.80,15.37,162.77,180.09,47.41,69.33,2040
DE21,Oberbayern,Germany,78.77,77.08,2.55,23.32,43.06,47.50,156.88,171.60,74.20,58.94,2040
DE22,Niederbayern,Germany,99.88,46.95,45.67,86.83,1.71,68.29,165.75,184.35,74.56,38.40,2040
DE23,Oberpfalz,Germany,5.95,36.46,29.45,86.70,48.18,76.52,151.24,163.37,22.97,7.58,2040
DE24,Oberfranken,Germany,26.11,18.95,37.67,2.35,1.56,73.91,161.75,178.45,61.10,96.64,2040
DE25,Mittelfranken,Germany,90.35,34.53,33.80,86.08,83.82,29.74,162.10,179.01,77.92,75.25,2040
DE26,Unterfranken,Germany,75.12,63.28,75.75,46.35,30.80,17.24,162.94,180.36,66.73,3.74,2040
DE27,Schwaben,Germany,34.42,52.58,84.37,90.89,81.90,84.38,165.45,183.99,68.34,62.65,2040
DE30,Berlin,Germany,48.32,90.25,89.48,25.87,55.19,44.14,0.00,0.00,39.99,47.68,2040
DE40,Brandenburg,Germany,24.35,57.27,29.55,31.41,93.15,48.33,157.74,172.62,34.99,59.05,2040
DE50,Bremen,Germany,7.40,88.14,0.38,10.96,50.23,15.80,174.81,197.43,48.26,23.40,2040
DE60,Hamburg,Germany,27.46,8.33,67.41,39.81,59.08,95.80,0.00,0.00,68.60,21.86,2040
DE71,Darmstadt,Germany,35.19,16.43,38.95,50.75,48.05,7.77,151.52,163.81,39.43,90.07,2040
DE72,Giessen,Germany,94.22,49.95,43.76,90.77,85.85,35.22,159.15,174.89,17.80,98.76,2040
DE73,Kassel,Germany,72.40,4.02,45.21,59.07,13.57,70.59,166.04,184.81,81.88,89.58,2040
DE80,Mecklenburg-Vorpommern,Germany,27.01,60.49,21.81,16.43,42.78,80.18,165.15,183.40,12.01,90.56,2040
DE91,Braunschweig,Germany,37.18,85.09,78.90,51.69,26.19,29.71,166.61,185.61,0.05,69.02,2040
DE92,Hannover,Germany,18.69,17.04,16.13,33.89,37.58,32.48,168.24,187.90,46.41,37.04,2040
DE93,Luneburg,Germany,72.19,26.61,26.55,10.95,78.18,20.15,170.37,191.01,29.08,70.91,2040
DE94,Weser-Ems,Germany,25.80,54.38,27.14,91.77,86.02,12.73,173.39,195.40,9.58,36.18,2040
DEA1,Dusseldorf,Germany,34.66,18.80,63.57,4.35,65.43,41.88,164.23,182.04,45.50,74.21,2040
DEA2,Koln,Germany,68.42,4.13,92.96,29.79,23.88,43.56,167.71,187.16,31.07,29.25,2040
DEA3,Munster,Germany,28.83,63.88,40.35,88.99,14.87,45.98,169.64,189.94,74.51,6.12,2040
DEA4,Detmold,Germany,60.86,65.46,96.85,10.47,66.07,19.18,167.58,187.05,14.50,14.16,2040
DEA5,Arnsberg,Germany,95.36,79.67,22.43,41.46,15.25,13.10,155.31,169.08,25.80,41.28,2040
DEB1,Koblenz,Germany,49.99,91.12,38.27,93.07,46.35,73.55,152.59,165.32,5.12,65.30,2040
DEB2,Trier,Germany,53.63,3.75,17.99,97.06,49.41,78.26,157.53,172.28,99.56,2.32,2040
DEB3,Rheinhessen-Pfalz,Germany,8.66,11.56,72.94,82.77,1.51,97.17,158.15,173.12,62.37,95.30,2040
Dec-00,Saarland,Germany,29.22,59.30,17.08,71.59,15.42,2.39,154.84,168.70,8.58,22.66,2040
DED2,Dresden,Germany,51.87,46.31,72.09,12.52,38.59,48.31,162.44,179.55,21.30,37.85,2040
DED4,Chemnitz,Germany,46.45,91.90,30.27,27.85,35.35,38.14,167.03,186.28,16.32,99.49,2040
DED5,Leipzig,Germany,95.94,30.99,33.05,67.35,15.00,87.16,159.93,175.82,91.91,26.50,2040
DEE0,Sachsen-Anhalt,Germany,75.15,22.74,24.75,30.70,64.78,9.57,164.70,182.79,83.37,35.83,2040
DEF0,Schleswig-Holstein,Germany,13.88,90.38,39.30,45.49,5.36,85.40,174.90,197.58,77.00,15.73,2040
DEG0,Thuringen,Germany,68.02,89.16,94.87,68.69,91.66,70.63,163.92,181.53,24.39,65.31,2040
GR,GREECE (CNT),Greece,52.96,52.45,22.61,12.23,69.35,31.58,0.00,0.00,70.47,67.31,2040
GR0,GREECE,Greece,29.26,40.10,89.95,89.67,47.09,19.60,0.00,0.00,62.19,25.19,2040
GR11,Anatoliki Makedonia,Greece,64.17,90.95,70.59,12.42,91.01,18.00,0.00,0.00,62.09,78.97,2040
GR12,Kentriki Makedonia,Greece,39.58,3.28,12.06,99.86,45.68,45.72,0.00,0.00,15.88,74.31,2040
GR13,Dytiki Makedonia,Greece,58.83,22.22,48.47,81.18,34.24,75.14,0.00,0.00,85.92,25.83,2040
GR14,Thessalia,Greece,51.36,92.77,8.65,76.70,47.91,21.71,0.00,0.00,67.80,18.99,2040
GR21,Kentriki Ellada,Greece,30.50,98.16,81.71,12.37,65.86,57.56,0.00,0.00,28.08,45.07,2040
GR22,Ionia Nisia,Greece,44.41,70.86,76.99,66.46,41.34,98.50,0.00,0.00,8.77,2.27,2040
GR23,Dytiki Ellada,Greece,46.90,68.93,93.28,45.71,98.17,64.93,0.00,0.00,75.12,98.16,2040
GR24,Sterea Ellada,Greece,81.04,38.31,29.69,97.46,65.20,14.58,0.00,0.00,44.56,21.68,2040
GR25,Peloponnisos,Greece,66.77,20.25,89.65,16.23,81.57,54.42,0.00,0.00,43.58,0.76,2040
GR30,Attiki,Greece,69.66,32.47,54.14,90.75,46.26,51.96,0.00,0.00,67.13,14.09,2040
GR41,Voreio Aigaio,Greece,49.08,38.04,87.67,95.72,2.22,29.94,0.00,0.00,92.29,25.70,2040
GR42,Notio Aigaio,Greece,93.56,86.46,2.61,6.81,71.98,27.70,0.00,0.00,26.48,78.31,2040
GR43,Kriti,Greece,38.13,11.42,61.42,63.90,45.18,30.32,0.00,0.00,77.65,70.85,2040
HU,HUNGARY (CNT),Hungary,91.71,19.86,20.34,13.45,28.97,83.56,205.17,338.30,42.97,3.40,2040
HU0,HUNGARY,Hungary,64.05,10.56,88.30,77.87,18.17,60.20,159.18,174.87,62.91,71.78,2040
HU10,Kozep-Magyarorszag,Hungary,62.62,31.73,83.94,68.45,52.78,3.88,159.93,175.82,79.69,64.19,2040
HU21,Kozep-Dunantul,Hungary,50.86,88.13,95.83,82.90,89.97,37.18,158.56,173.94,97.85,9.53,2040
HU22,Nyugat-Dunantul,Hungary,48.42,19.47,73.64,58.14,84.09,66.34,157.31,172.28,40.11,54.02,2040
HU23,Del-Dunantul,Hungary,7.72,43.41,34.79,69.55,50.40,19.53,157.53,172.45,51.67,68.61,2040
HU31,Eszak-Magyarorszag,Hungary,10.14,50.53,56.83,94.79,83.57,50.83,156.44,170.90,87.38,8.19,2040
HU32,Eszak-Alfold,Hungary,69.12,15.77,69.96,21.20,11.13,78.75,161.57,178.31,71.83,80.86,2040
HU33,Del-Alfold,Hungary,14.46,76.75,17.88,55.97,75.95,34.23,162.94,180.36,49.27,41.31,2040
IE,IRELAND (CNT),Ireland,80.25,50.77,62.47,51.60,7.83,49.48,173.89,216.23,93.16,27.95,2040
IE0,IRELAND,Ireland,18.31,50.45,77.82,87.04,96.64,85.85,136.72,142.11,86.45,51.31,2040
IE01,"Border, Midland and Western",Ireland,59.15,58.45,27.62,0.24,22.48,11.16,133.54,137.65,97.34,35.55,2040
IE02,Southern and Eastern,Ireland,6.93,12.32,68.00,61.91,63.15,57.87,139.89,146.57,83.95,27.60,2040
IT,ITALY (CNT),Italy,59.45,43.73,30.96,51.80,98.63,84.11,0.00,0.00,70.79,61.19,2040
IT0,ITALY,Italy,86.95,57.71,54.45,44.17,23.37,91.28,0.00,0.00,59.82,60.84,2040
ITC1,Piemonte,Italy,64.86,17.40,11.47,94.03,12.32,19.27,0.00,0.00,22.02,36.48,2040
ITC2,Valle dAosta/Vallee dAoste,Italy,71.68,24.27,48.30,26.67,61.32,94.54,0.00,0.00,70.13,32.74,2040
ITC3,Liguria,Italy,87.70,38.19,99.03,92.58,20.47,85.43,0.00,0.00,99.21,62.95,2040
ITC4,Lombardia,Italy,23.71,45.96,53.10,72.33,66.51,44.65,0.00,0.00,41.34,52.03,2040
ITF1,Abruzzo,Italy,4.40,97.44,64.91,20.29,3.89,0.37,0.00,0.00,32.39,30.71,2040
ITF2,Molise,Italy,54.48,7.12,38.42,62.35,45.46,25.74,0.00,0.00,63.68,95.47,2040
ITF3,Campania,Italy,1.81,18.56,53.04,6.92,44.17,67.73,0.00,0.00,59.85,73.73,2040
ITF4,Puglia,Italy,61.53,81.20,52.40,90.89,51.48,58.32,0.00,0.00,45.87,72.28,2040
ITF5,Basilicata,Italy,2.24,15.65,45.76,2.69,27.46,94.23,0.00,0.00,75.80,70.59,2040
ITF6,Calabria,Italy,41.58,70.73,23.49,49.88,81.20,45.93,0.00,0.00,98.78,91.52,2040
ITG1,Sicilia,Italy,37.01,32.48,12.12,76.93,22.45,90.34,0.00,0.00,73.39,62.08,2040
ITG2,Sardegna,Italy,10.77,60.75,1.77,55.08,75.73,31.06,0.00,0.00,82.26,74.66,2040
ITH1,Prov. Auto. di Bolzano/Bozen,Italy,44.86,2.12,51.72,24.21,11.62,40.22,0.00,0.00,73.76,33.43,2040
ITH2,Prov. Auto. di Trento,Italy,11.87,87.89,41.68,83.61,48.00,4.92,0.00,0.00,63.47,31.25,2040
ITH3,Veneto,Italy,59.44,70.73,0.21,48.03,90.07,72.78,0.00,0.00,84.80,19.81,2040
ITH4,Friuli-Venezia Giulia,Italy,67.70,10.82,53.66,30.75,43.23,11.55,0.00,0.00,78.50,69.78,2040
ITH5,Emilia-Romagna,Italy,20.83,21.99,60.77,5.44,74.24,80.12,0.00,0.00,42.35,28.61,2040
ITI1,Toscana,Italy,83.62,51.73,36.17,96.52,89.47,29.59,0.00,0.00,67.56,19.11,2040
ITI2,Umbria,Italy,45.32,34.78,79.93,45.12,18.79,33.51,0.00,0.00,57.13,8.01,2040
ITI3,Marche,Italy,54.22,94.61,84.07,89.01,21.31,55.83,0.00,0.00,93.26,76.81,2040
ITI4,Lazio,Italy,74.33,27.43,45.34,19.21,26.02,66.54,0.00,0.00,38.24,33.97,2040
LV,LATVIA (CNT),Latvia,7.16,95.22,62.35,59.64,1.51,50.12,181.40,244.15,66.54,35.16,2040
LV0,LATVIA,Latvia,63.54,86.87,73.43,81.11,76.21,1.92,141.23,148.73,64.85,77.82,2040
LV00,Latvija,Latvia,44.74,93.60,9.98,17.63,99.13,23.82,141.23,148.73,49.44,4.51,2040
LT,LITHUANIA (CNT),Lithuania,11.81,20.52,41.38,31.80,71.41,16.22,220.05,398.20,70.44,63.91,2040
LT0,LITHUANIA,Lithuania,15.12,55.09,10.64,60.35,97.08,27.55,171.19,192.23,49.18,35.66,2040
LT00,Lietuva,Lithuania,91.13,67.07,12.19,46.46,86.19,56.65,171.19,192.23,30.68,5.95,2040
LU,LUXEMBOURG (CNT),Luxembourg,82.37,84.47,65.31,10.43,1.61,36.65,26.59,0.00,78.45,68.76,2040
LU0,LUXEMBOURG,Luxembourg,82.32,78.98,23.86,69.38,4.14,70.03,0.00,0.00,51.36,59.71,2040
LU00,Luxembourg,Luxembourg,58.46,94.27,37.01,34.48,28.64,84.59,0.00,0.00,37.43,79.28,2040
MT,MALTA (CNT),Malta,6.72,12.98,14.05,51.36,83.99,99.32,0.00,0.00,9.59,22.66,2040
MT0,MALTA,Malta,67.48,52.73,61.34,79.15,1.33,86.63,0.00,0.00,12.35,25.14,2040
MT00,Malta,Malta,42.89,61.84,88.57,67.22,71.56,93.65,0.00,0.00,72.10,42.63,2040
PL,POLAND (CNT),Poland,74.49,47.41,27.89,24.76,47.19,64.60,223.31,409.90,23.54,67.01,2040
PL0,POLAND,Poland,64.83,64.54,76.33,64.81,45.40,75.88,172.74,194.44,63.02,29.04,2040
PL11,Lodzkie,Poland,40.56,36.80,82.01,30.69,84.39,42.18,167.71,187.16,90.60,9.89,2040
PL12,Mazowieckie,Poland,42.09,5.99,14.76,4.54,89.70,86.82,163.11,180.49,50.35,44.38,2040
PL21,Malopolskie,Poland,73.50,73.13,19.06,23.24,81.76,88.22,173.39,195.31,13.18,75.26,2040
PL22,Slaskie,Poland,11.83,76.25,52.70,66.53,69.94,73.26,171.54,192.69,41.56,7.26,2040
PL31,Lubelskie,Poland,64.60,93.65,46.65,26.07,95.09,90.58,166.89,185.95,81.91,65.12,2040
PL32,Podkarpackie,Poland,64.49,46.34,75.68,65.37,28.44,98.48,174.01,196.30,13.23,36.37,2040
PL33,Swietokrzyskie,Poland,91.14,8.98,99.09,27.00,80.61,64.80,183.23,209.69,57.52,71.71,2040
PL34,Podlaskie,Poland,59.45,67.11,69.27,17.71,29.53,58.80,176.14,199.41,33.65,69.41,2040
PL41,Wielkopolskie,Poland,2.39,55.56,44.92,41.07,81.73,45.30,176.51,199.85,63.67,8.52,2040
PL42,Zachodniopomorskie,Poland,84.66,60.34,17.19,20.77,5.94,88.44,177.75,201.70,5.28,48.94,2040
PL43,Lubuskie,Poland,24.80,88.18,24.04,46.32,61.04,36.60,170.49,191.11,25.66,57.29,2040
PL51,Dolnoslaskie,Poland,23.41,25.00,8.52,2.65,37.90,70.21,171.76,193.05,46.61,80.77,2040
PL52,Opolskie,Poland,71.18,37.71,99.17,23.56,0.43,38.08,177.23,200.93,87.91,84.01,2040
PL61,Kujawsko-Pomorskie,Poland,2.96,95.70,76.81,82.36,54.93,42.32,167.71,187.26,41.87,34.79,2040
PL62,Warminsko-Mazurskie,Poland,76.75,18.04,0.54,96.28,87.48,20.64,177.66,201.56,53.90,58.21,2040
PL63,Pomorskie,Poland,60.65,4.28,14.98,72.84,1.04,41.45,168.76,188.63,96.10,77.60,2040
PT,PORTUGAL (CNT),Portugal,73.67,86.58,54.95,62.16,13.53,7.78,170.84,216.23,20.78,42.08,2040
PT0,PORTUGAL,Portugal,19.33,78.70,14.91,7.24,51.91,32.86,130.47,133.08,78.61,7.47,2040
PT11,Norte,Portugal,4.01,39.06,86.58,56.93,33.79,72.95,125.58,126.04,48.34,41.43,2040
PT15,Algarve,Portugal,93.86,19.88,99.94,94.87,42.34,83.60,124.69,125.34,82.27,11.93,2040
PT16,Centro (PT),Portugal,80.98,39.11,4.30,1.67,62.51,48.18,128.81,130.59,14.99,20.77,2040
PT17,Lisboa,Portugal,39.34,26.94,62.00,83.76,19.19,46.80,132.93,136.15,32.60,21.37,2040
PT18,Alentejo,Portugal,81.00,31.59,93.83,89.75,70.88,44.23,140.34,147.31,32.93,36.95,2040
RO,ROMANIA (CNT),Romania,2.33,58.23,1.16,95.94,46.63,7.43,209.90,357.68,35.06,90.92,2040
RO0,ROMANIA,Romania,69.41,28.44,10.89,96.55,62.48,86.12,162.68,179.89,41.60,44.85,2040
RO11,Nord-Vest,Romania,91.22,91.54,28.98,91.45,92.91,28.40,169.27,189.44,69.86,76.01,2040
RO12,Centru,Romania,56.77,96.09,24.94,96.50,84.53,49.49,161.75,178.59,90.49,88.42,2040
RO21,Nord-Est,Romania,17.11,84.65,97.67,99.87,43.70,99.63,160.11,176.27,24.73,76.09,2040
RO22,Sud-Est,Romania,87.70,96.45,83.33,92.00,25.68,37.54,158.96,174.42,4.77,97.12,2040
RO31,Sud - Muntenia,Romania,64.05,37.63,80.28,80.92,25.02,20.42,167.71,187.16,47.45,55.98,2040
RO32,Bucuresti - Ilfov,Romania,22.34,18.68,4.34,22.66,83.00,13.68,157.10,171.77,3.99,36.86,2040
RO41,Sud-Vest Oltenia,Romania,18.08,75.32,42.42,9.90,67.09,47.44,163.60,181.15,3.80,41.26,2040
RO42,Vest,Romania,15.93,0.99,99.79,57.14,70.40,48.42,162.94,180.36,94.35,61.86,2040
SK,SLOVAKIA (CNT),Slovakia,37.96,14.85,23.23,76.70,44.18,17.42,194.09,300.92,74.75,76.04,2040
SK0,SLOVAKIA,Slovakia,98.36,83.76,78.20,21.36,93.71,62.17,151.47,163.62,42.52,72.24,2040
SK01,Bratislavsky kraj,Slovakia,23.66,14.13,80.71,55.03,15.76,97.18,154.11,167.55,33.34,10.06,2040
SK02,Zapadne Slovensko,Slovakia,67.80,10.44,59.82,84.15,51.94,63.26,156.66,171.25,27.74,81.13,2040
SK03,Stredne Slovensko,Slovakia,4.11,71.31,90.63,88.01,88.67,51.74,145.92,155.33,82.00,23.19,2040
SK04,Vychodne Slovensko,Slovakia,52.59,85.43,72.27,82.44,56.82,18.34,149.20,160.34,2.80,83.71,2040
SI,SLOVENIA (CNT),Slovenia,0.13,39.67,48.66,35.83,23.00,82.74,168.39,199.10,3.08,75.49,2040
SI0,SLOVENIA,Slovenia,31.85,83.33,38.18,88.54,32.31,61.84,129.99,132.53,20.85,63.20,2040
SI01,Vzhodna Slovenija,Slovenia,37.36,6.65,23.74,26.80,62.97,79.98,133.54,137.65,21.81,96.31,2040
SI02,Zahodna Slovenija,Slovenia,28.89,8.98,39.81,75.36,70.80,43.16,126.43,127.41,37.02,45.56,2040
ES,SPAIN (CNT),Spain,37.27,78.30,92.67,11.30,88.38,0.42,199.35,314.82,91.00,67.69,2040
ES0,SPAIN,Spain,16.80,15.12,58.60,78.75,25.49,66.84,149.82,161.25,23.09,59.56,2040
ES11,Galicia,Spain,14.44,24.92,12.69,83.27,81.53,52.09,147.29,157.80,87.83,1.31,2040
ES12,Principado de Asturias,Spain,73.20,0.39,22.72,52.58,85.29,48.46,130.96,134.04,59.74,54.40,2040
ES13,Cantabria,Spain,68.20,83.98,5.28,14.83,76.25,93.76,131.63,135.11,27.11,93.62,2040
ES21,Pais Vasco,Spain,4.72,73.58,83.95,86.26,28.15,14.08,119.65,117.31,52.76,73.16,2040
ES22,Comunidad Foral de Navarra,Spain,61.88,29.64,73.24,59.63,75.87,50.70,147.94,158.32,54.03,8.66,2040
ES23,La Rioja,Spain,15.19,7.31,83.26,70.48,21.30,46.27,146.27,156.18,75.31,74.74,2040
ES24,Aragon,Spain,46.77,57.73,93.21,49.29,32.63,78.25,152.33,164.89,22.21,96.48,2040
ES30,Comunidad de Madrid,Spain,70.57,44.86,12.84,99.49,58.41,12.25,155.31,169.08,26.14,87.24,2040
ES41,Castilla y Leon,Spain,17.87,43.56,70.05,99.46,20.57,38.84,159.15,174.73,3.53,22.94,2040
ES42,Castilla-La Mancha,Spain,57.62,77.59,67.59,89.82,36.33,79.89,161.92,178.87,89.86,77.20,2040
ES43,Extremadura,Spain,54.73,46.46,69.82,80.26,52.65,46.87,157.10,171.60,46.16,92.22,2040
ES51,Cataluna,Spain,23.72,49.65,7.35,77.92,36.04,99.55,147.94,158.58,94.76,12.31,2040
ES52,Comunidad Valenciana,Spain,23.64,54.65,75.34,38.54,49.79,62.57,159.93,175.97,99.23,4.88,2040
ES53,Illes Balears,Spain,54.40,94.08,49.28,29.49,24.17,24.61,160.30,176.42,17.33,2.54,2040
ES61,Andalucia,Spain,42.32,95.75,36.13,91.11,41.50,77.81,159.54,175.20,81.07,91.43,2040
ES62,Region de Murcia,Spain,90.10,30.82,58.77,82.95,78.07,47.71,159.93,175.97,89.49,47.84,2040
SE,SWEDEN (CNT),Sweden,29.84,82.80,93.55,89.41,63.40,79.44,124.36,0.00,37.09,23.08,2040
SE0,SWEDEN,Sweden,16.03,84.26,10.74,53.21,66.10,82.66,98.65,88.64,1.99,20.06,2040
SE11,Stockholm,Sweden,62.14,62.25,70.48,50.40,84.23,0.46,114.61,111.34,8.68,50.28,2040
SE12,Ostra Mellansverige,Sweden,6.92,32.05,3.48,92.11,48.07,82.32,122.81,121.57,85.81,80.62,2040
SE21,Smaland med oarna,Sweden,17.35,56.02,77.75,75.37,25.84,67.12,98.96,88.65,33.40,70.74,2040
SE22,Sydsverige,Sweden,64.20,65.03,75.97,70.10,99.11,67.69,131.63,134.58,10.47,43.08,2040
SE23,Vastsverige,Sweden,57.04,13.06,44.17,77.05,16.04,18.37,113.15,109.09,83.53,70.89,2040
SE31,Norra Mellansverige,Sweden,12.94,4.19,13.34,31.37,17.40,85.84,88.34,71.93,80.88,61.12,2040
SE32,Mellersta Norrland,Sweden,63.84,98.70,7.40,42.04,14.62,0.37,52.00,35.97,2.45,29.54,2040
SE33,Ovre Norrland,Sweden,90.05,88.46,86.78,15.71,1.09,62.77,67.65,35.97,48.35,20.82,2040
NL,THE NETHERLANDS (CNT),The Netherlands,20.03,73.98,50.15,47.18,65.71,86.86,163.51,178.84,76.17,3.43,2040
NL0,THE NETHERLANDS,The Netherlands,86.78,52.25,3.51,37.20,30.32,89.57,123.24,122.73,82.36,59.44,2040
NL11,Groningen,The Netherlands,16.48,74.80,12.45,32.26,35.22,26.88,109.92,102.65,30.53,56.87,2040
NL12,Friesland (NL),The Netherlands,87.59,71.28,82.81,36.76,63.03,61.86,139.89,146.57,56.42,32.27,2040
NL13,Drenthe,The Netherlands,95.40,58.83,11.77,78.64,7.67,37.99,127.25,128.07,91.67,10.96,2040
NL21,Overijssel,The Netherlands,61.65,66.55,86.32,59.71,8.61,24.17,124.69,124.62,52.70,50.71,2040
NL22,Gelderland,The Netherlands,83.07,65.02,82.41,53.75,97.19,68.17,117.27,114.46,11.12,53.47,2040
NL23,Flevoland,The Netherlands,93.37,76.26,51.72,70.16,67.71,15.41,120.75,119.08,2.93,69.76,2040
NL31,Utrecht,The Netherlands,0.25,49.60,74.72,33.52,30.21,55.68,118.49,116.39,91.00,61.26,2040
NL32,Noord-Holland,The Netherlands,33.23,39.34,79.40,39.58,3.07,25.83,122.81,122.36,77.70,68.27,2040
NL33,Zuid-Holland,The Netherlands,62.63,44.99,64.73,36.58,89.59,47.33,120.75,119.08,42.23,12.26,2040
NL34,Zeeland,The Netherlands,34.54,42.10,52.93,71.44,25.98,97.91,137.96,144.26,95.53,17.83,2040
NL41,Noord-Brabant,The Netherlands,36.13,6.18,94.98,18.18,15.50,24.23,117.27,114.46,5.46,36.20,2040
NL42,Limburg (NL),The Netherlands,81.75,91.96,40.78,77.09,66.52,49.54,121.80,120.76,42.18,93.93,2040
UK,UNITED KINGDOM (CNT),United Kingdom,73.66,12.58,71.62,10.99,8.60,99.85,150.93,122.08,78.54,45.10,2040
UK0,UNITED KINGDOM,United Kingdom,80.12,78.29,2.79,37.25,4.31,28.87,147.97,161.47,24.00,76.11,2040
UKC1,Tees Valley and Durham,United Kingdom,80.29,86.66,24.81,95.73,98.68,19.96,173.28,195.31,94.37,85.60,2040
UKC2,Northumberland and Tyne and Wear,United Kingdom,76.24,44.50,88.86,81.56,85.87,23.87,148.89,159.85,18.41,28.93,2040
UKD1,Cumbria,United Kingdom,29.64,62.04,23.86,5.93,87.00,58.69,111.60,105.38,18.58,63.49,2040
UKD3,Greater Manchester,United Kingdom,96.40,89.94,50.52,85.09,16.70,59.94,159.54,175.36,60.04,68.31,2040
UKD4,Lancashire,United Kingdom,72.30,35.35,41.39,23.15,70.51,45.65,150.39,162.01,3.07,19.07,2040
UKD6,Cheshire,United Kingdom,92.37,68.18,60.06,23.74,50.60,35.49,174.71,197.35,88.90,8.05,2040
UKD7,Merseyside,United Kingdom,49.66,15.71,86.78,40.94,34.80,37.79,159.73,175.66,85.28,68.62,2040
UKE1,East Yorkshire and Northern Lincolnshire,United Kingdom,81.49,27.51,21.91,26.90,53.90,85.21,163.60,181.27,82.84,36.60,2040
UKE2,North Yorkshire,United Kingdom,81.53,32.29,36.46,61.46,36.08,99.49,151.79,163.81,67.41,17.43,2040
UKE3,South Yorkshire,United Kingdom,37.29,4.20,91.65,80.00,96.44,11.61,188.14,216.76,5.47,42.65,2040
UKE4,West Yorkshire,United Kingdom,68.06,64.64,36.80,10.79,51.86,1.92,177.49,201.35,7.75,95.18,2040
UKF1,Derbyshire and Nottinghamshire,United Kingdom,72.51,31.04,72.34,74.31,29.23,3.73,178.43,202.65,23.25,86.33,2040
UKF2,"Leicestershire, Rutland and Northampton/",United Kingdom,80.72,47.93,41.53,39.62,38.39,18.35,175.29,198.20,35.65,41.50,2040
UKF3,Lincolnshire,United Kingdom,5.86,20.07,93.02,54.17,95.48,12.16,118.49,115.44,75.12,46.41,2040
UKG1,"Hereford/, Worcester/ and Warwick/",United Kingdom,56.64,32.32,5.97,47.03,94.71,55.59,174.11,196.39,73.55,95.32,2040
UKG2,Shropshire and Staffordshire,United Kingdom,97.65,51.62,61.74,58.10,16.46,89.20,154.84,168.51,15.19,83.31,2040
UKG3,West Midlands,United Kingdom,0.44,53.10,39.77,91.80,4.99,27.25,170.49,191.11,98.13,74.67,2040
UKH1,East Anglia,United Kingdom,5.70,39.73,7.24,50.59,59.21,51.86,154.36,167.74,58.20,48.34,2040
UKH2,Bedfordshire and Hertfordshire,United Kingdom,82.76,88.24,37.03,98.96,73.26,84.28,184.67,211.73,75.99,94.79,2040
UKH3,Essex,United Kingdom,90.71,70.32,96.95,93.84,93.04,20.33,167.17,186.39,9.55,25.80,2040
UKI1,Inner London,United Kingdom,80.91,44.64,98.27,45.30,39.78,73.44,0.00,0.00,80.84,38.62,2040
UKI2,Outer London,United Kingdom,41.12,36.31,78.14,40.45,4.26,79.44,0.00,0.00,46.52,38.21,2040
UKJ1,"Berkshire, Buckinghamshire and Oxford/",United Kingdom,18.33,30.97,85.48,4.12,35.05,8.88,169.89,190.24,4.09,20.45,2040
UKJ2,"Surrey, East and West Sussex",United Kingdom,5.89,34.47,11.23,6.70,35.59,10.43,137.46,143.45,97.11,87.01,2040
UKJ3,Hampshire and Isle of Wight,United Kingdom,13.78,77.15,16.09,39.21,86.11,57.03,144.83,154.17,15.25,43.65,2040
UKJ4,Kent,United Kingdom,6.45,79.38,98.23,20.84,86.39,24.13,156.44,170.90,25.84,98.14,2040
UKK1,"Gloucestershire, Wiltshire and Bristol",United Kingdom,62.38,5.98,84.86,69.20,56.37,63.09,169.52,189.84,51.08,51.22,2040
UKK2,Dorset and Somerset,United Kingdom,75.72,32.60,73.60,99.21,22.69,42.36,158.56,173.78,33.42,76.75,2040
UKK3,Cornwall and Isles of Scilly,United Kingdom,7.52,74.93,60.39,21.44,58.59,93.83,170.85,191.68,83.23,48.09,2040
UKK4,Devon,United Kingdom,38.83,26.70,34.39,59.98,55.65,60.19,167.58,187.05,33.21,39.76,2040
UKL1,West Wales and The Valleys,United Kingdom,81.28,94.28,91.47,29.06,42.11,53.64,143.30,151.73,39.15,39.62,2040
UKL2,East Wales,United Kingdom,30.50,3.85,54.00,79.26,8.63,28.34,175.10,197.89,2.32,98.70,2040
UKM2,Eastern Scotland,United Kingdom,79.80,56.28,2.08,65.77,96.82,92.74,155.31,169.08,89.75,45.71,2040
UKM3,South Western Scotland,United Kingdom,33.36,54.63,5.39,3.02,40.33,6.41,136.41,141.34,17.67,26.29,2040
UKM5,North Eastern Scotland,United Kingdom,15.73,97.65,93.06,8.26,76.37,53.42,98.96,86.39,60.97,76.44,2040
UKM6,Highlands and Islands,United Kingdom,19.11,88.95,43.00,76.39,87.15,92.45,83.31,63.70,81.00,73.80,2040
UKN0,Northern Ireland,United Kingdom,22.53,23.00,81.99,9.40,34.72,4.18,170.37,191.01,85.13,88.51,2040
